filename,song
0000.wav,Potter
0001.wav,Potter
0002.wav,Potter
0003.wav,Potter
0006.wav,Potter
0007.wav,Potter
0009.wav,Potter
0011.wav,Potter
0012.wav,Potter
0013.wav,Potter
0014.wav,Potter
0015.wav,Potter
0016.wav,Potter
0018.wav,Potter
0020.wav,Potter
0021.wav,Potter
0022.wav,Potter
0023.wav,Potter
0024.wav,Potter
0025.wav,Potter
0026.wav,Potter
0027.wav,Potter
0028.wav,Potter
0029.wav,Potter
0030.wav,Potter
0031.wav,Potter
0032.wav,Potter
0033.wav,Potter
0034.wav,Potter
0035.wav,Potter
0037.wav,Potter
0039.wav,Potter
0040.wav,Potter
0042.wav,Potter
0043.wav,Potter
0045.wav,Potter
0046.wav,Potter
0047.wav,Potter
0048.wav,Potter
0049.wav,Potter
0050.wav,Potter
0051.wav,Potter
0052.wav,Potter
0053.wav,Potter
0054.wav,Potter
0056.wav,Potter
0058.wav,Potter
0059.wav,Potter
0061.wav,Potter
0062.wav,Potter
0063.wav,Potter
0064.wav,Potter
0065.wav,Potter
0066.wav,Potter
0067.wav,Potter
0069.wav,Potter
0070.wav,Potter
0074.wav,Potter
0077.wav,Potter
0079.wav,Potter
0080.wav,Potter
0082.wav,Potter
0083.wav,Potter
0084.wav,Potter
0085.wav,Potter
0086.wav,Potter
0088.wav,Potter
0089.wav,Potter
0091.wav,Potter
0092.wav,Potter
0093.wav,Potter
0094.wav,Potter
0095.wav,Potter
0096.wav,Potter
0098.wav,Potter
0099.wav,Potter
0100.wav,Potter
0103.wav,Potter
0104.wav,Potter
0105.wav,Potter
0106.wav,Potter
0108.wav,Potter
0109.wav,Potter
0110.wav,Potter
0112.wav,Potter
0113.wav,Potter
0114.wav,Potter
0115.wav,Potter
0116.wav,Potter
0117.wav,Potter
0118.wav,Potter
0119.wav,Potter
0120.wav,Potter
0121.wav,Potter
0122.wav,Potter
0126.wav,Potter
0127.wav,Potter
0128.wav,Potter
0129.wav,Potter
0130.wav,Potter
0132.wav,Potter
0133.wav,Potter
0134.wav,Potter
0135.wav,Potter
0137.wav,Potter
0138.wav,Potter
0139.wav,Potter
0141.wav,Potter
0142.wav,Potter
0143.wav,Potter
0144.wav,Potter
0146.wav,Potter
0147.wav,Potter
0148.wav,Potter
0149.wav,Potter
0150.wav,Potter
0152.wav,Potter
0153.wav,Potter
0154.wav,Potter
0156.wav,Potter
0157.wav,Potter
0159.wav,Potter
0160.wav,Potter
0162.wav,Potter
0163.wav,Potter
0164.wav,Potter
0165.wav,Potter
0166.wav,Potter
0167.wav,Potter
0169.wav,Potter
0170.wav,Potter
0171.wav,Potter
0172.wav,Potter
0173.wav,Potter
0174.wav,Potter
0175.wav,Potter
0176.wav,Potter
0178.wav,Potter
0179.wav,Potter
0180.wav,Potter
0183.wav,Potter
0184.wav,Potter
0185.wav,Potter
0188.wav,Potter
0190.wav,Potter
0191.wav,Potter
0192.wav,Potter
0193.wav,Potter
0195.wav,Potter
0197.wav,Potter
0199.wav,Potter
0200.wav,Potter
0201.wav,Potter
0203.wav,Potter
0204.wav,Potter
0205.wav,Potter
0207.wav,Potter
0208.wav,Potter
0209.wav,Potter
0210.wav,Potter
0211.wav,Potter
0213.wav,Potter
0214.wav,Potter
0215.wav,Potter
0216.wav,Potter
0217.wav,Potter
0218.wav,Potter
0219.wav,Potter
0220.wav,Potter
0221.wav,Potter
0223.wav,Potter
0224.wav,Potter
0225.wav,Potter
0226.wav,Potter
0227.wav,Potter
0228.wav,Potter
0230.wav,Potter
0231.wav,Potter
0233.wav,Potter
0234.wav,Potter
0235.wav,Potter
0237.wav,Potter
0238.wav,Potter
0240.wav,Potter
0241.wav,Potter
0242.wav,Potter
0244.wav,Potter
0247.wav,Potter
0248.wav,Potter
0249.wav,Potter
0250.wav,Potter
0251.wav,Potter
0252.wav,Potter
0253.wav,Potter
0255.wav,Potter
0256.wav,Potter
0257.wav,Potter
0258.wav,Potter
0259.wav,Potter
0260.wav,Potter
0261.wav,Potter
0262.wav,Potter
0263.wav,Potter
0264.wav,Potter
0265.wav,Potter
0266.wav,Potter
0267.wav,Potter
0268.wav,Potter
0269.wav,Potter
0270.wav,Potter
0272.wav,Potter
0274.wav,Potter
0276.wav,Potter
0277.wav,Potter
0278.wav,Potter
0280.wav,Potter
0281.wav,Potter
0283.wav,Potter
0284.wav,Potter
0285.wav,Potter
0287.wav,Potter
0289.wav,Potter
0290.wav,Potter
0291.wav,Potter
0294.wav,Potter
0296.wav,Potter
0297.wav,Potter
0300.wav,Potter
0301.wav,Potter
0303.wav,Potter
0304.wav,Potter
0305.wav,Potter
0306.wav,Potter
0307.wav,Potter
0308.wav,Potter
0309.wav,Potter
0310.wav,Potter
0312.wav,Potter
0313.wav,Potter
0314.wav,Potter
0315.wav,Potter
0316.wav,Potter
0317.wav,Potter
0318.wav,Potter
0321.wav,Potter
0322.wav,Potter
0323.wav,Potter
0324.wav,Potter
0325.wav,Potter
0327.wav,Potter
0329.wav,Potter
0331.wav,Potter
0332.wav,Potter
0333.wav,Potter
0334.wav,Potter
0335.wav,Potter
0337.wav,Potter
0338.wav,Potter
0339.wav,Potter
0340.wav,Potter
0341.wav,Potter
0342.wav,Potter
0343.wav,Potter
0344.wav,Potter
0345.wav,Potter
0346.wav,Potter
0347.wav,Potter
0349.wav,Potter
0351.wav,Potter
0354.wav,Potter
0355.wav,Potter
0357.wav,Potter
0358.wav,Potter
0360.wav,Potter
0362.wav,Potter
0363.wav,Potter
0364.wav,Potter
0366.wav,Potter
0367.wav,Potter
0368.wav,Potter
0374.wav,Potter
0375.wav,Potter
0376.wav,Potter
0378.wav,Potter
0379.wav,Potter
0380.wav,Potter
0381.wav,Potter
0382.wav,Potter
0383.wav,Potter
0385.wav,Potter
0387.wav,Potter
0389.wav,Potter
0390.wav,Potter
0391.wav,Potter
0392.wav,Potter
0393.wav,Potter
0395.wav,Potter
0398.wav,Potter
0399.wav,Potter
0400.wav,Potter
0401.wav,Potter
0402.wav,Potter
0403.wav,Potter
0404.wav,Potter
0405.wav,Potter
0409.wav,Potter
0411.wav,Potter
0412.wav,Potter
0413.wav,Potter
0414.wav,Potter
0415.wav,Potter
0419.wav,Potter
0420.wav,Potter
0421.wav,Potter
0422.wav,Potter
0428.wav,Potter
0429.wav,Potter
0430.wav,Potter
0431.wav,Potter
0432.wav,Potter
0433.wav,Potter
0434.wav,Potter
0436.wav,Potter
0439.wav,Potter
0441.wav,Potter
0442.wav,Potter
0444.wav,Potter
0446.wav,Potter
0447.wav,Potter
0448.wav,Potter
0449.wav,Potter
0451.wav,Potter
0452.wav,Potter
0453.wav,Potter
0455.wav,Potter
0456.wav,Potter
0457.wav,Potter
0458.wav,Potter
0459.wav,Potter
0460.wav,Potter
0462.wav,Potter
0463.wav,Potter
0464.wav,Potter
0466.wav,Potter
0469.wav,Potter
0471.wav,Potter
0472.wav,Potter
0473.wav,Potter
0474.wav,Potter
0475.wav,Potter
0476.wav,Potter
0478.wav,Potter
0479.wav,Potter
0480.wav,Potter
0481.wav,Potter
0483.wav,Potter
0485.wav,Potter
0486.wav,Potter
0487.wav,Potter
0488.wav,Potter
0490.wav,Potter
0491.wav,Potter
0492.wav,Potter
0493.wav,Potter
0494.wav,Potter
0495.wav,Potter
0496.wav,Potter
0497.wav,Potter
0498.wav,Potter
0499.wav,Potter
0500.wav,Potter
0501.wav,Potter
0503.wav,Potter
0505.wav,Potter
0507.wav,Potter
0509.wav,Potter
0510.wav,Potter
0511.wav,Potter
0512.wav,Potter
0515.wav,Potter
0516.wav,Potter
0519.wav,Potter
0520.wav,Potter
0521.wav,Potter
0522.wav,Potter
0523.wav,Potter
0524.wav,Potter
0525.wav,Potter
0526.wav,Potter
0527.wav,Potter
0530.wav,Potter
0532.wav,Potter
0533.wav,Potter
0534.wav,Potter
0535.wav,Potter
0536.wav,Potter
0537.wav,Potter
0539.wav,Potter
0540.wav,Potter
0541.wav,Potter
0543.wav,Potter
0544.wav,Potter
0545.wav,Potter
0546.wav,Potter
0548.wav,Potter
0549.wav,Potter
0550.wav,Potter
0551.wav,Potter
0552.wav,Potter
0555.wav,Potter
0556.wav,Potter
0560.wav,Potter
0561.wav,Potter
0562.wav,Potter
0563.wav,Potter
0564.wav,Potter
0565.wav,Potter
0566.wav,Potter
0567.wav,Potter
0568.wav,Potter
0569.wav,Potter
0570.wav,Potter
0571.wav,Potter
0572.wav,Potter
0574.wav,Potter
0575.wav,Potter
0576.wav,Potter
0578.wav,Potter
0579.wav,Potter
0580.wav,Potter
0581.wav,Potter
0585.wav,Potter
0586.wav,Potter
0587.wav,Potter
0588.wav,Potter
0589.wav,Potter
0591.wav,Potter
0592.wav,Potter
0593.wav,Potter
0594.wav,Potter
0598.wav,Potter
0600.wav,Potter
0601.wav,Potter
0602.wav,Potter
0604.wav,Potter
0605.wav,Potter
0606.wav,Potter
0607.wav,Potter
0608.wav,Potter
0610.wav,Potter
0611.wav,Potter
0612.wav,Potter
0614.wav,Potter
0615.wav,Potter
0617.wav,Potter
0618.wav,Potter
0621.wav,Potter
0624.wav,Potter
0625.wav,Potter
0626.wav,Potter
0627.wav,Potter
0628.wav,Potter
0629.wav,Potter
0630.wav,Potter
0634.wav,Potter
0635.wav,Potter
0636.wav,Potter
0637.wav,Potter
0638.wav,Potter
0639.wav,Potter
0640.wav,Potter
0641.wav,Potter
0643.wav,Potter
0644.wav,Potter
0645.wav,Potter
0646.wav,Potter
0647.wav,Potter
0650.wav,Potter
0652.wav,Potter
0653.wav,Potter
0654.wav,Potter
0655.wav,Potter
0656.wav,Potter
0657.wav,Potter
0658.wav,Potter
0659.wav,Potter
0660.wav,Potter
0661.wav,Potter
0662.wav,Potter
0664.wav,Potter
0665.wav,Potter
0667.wav,Potter
0669.wav,Potter
0670.wav,Potter
0671.wav,Potter
0674.wav,Potter
0675.wav,Potter
0676.wav,Potter
0677.wav,Potter
0678.wav,Potter
0679.wav,Potter
0683.wav,Potter
0685.wav,Potter
0687.wav,Potter
0690.wav,Potter
0691.wav,Potter
0692.wav,Potter
0693.wav,Potter
0694.wav,Potter
0696.wav,Potter
0697.wav,Potter
0698.wav,Potter
0700.wav,Potter
0701.wav,Potter
0703.wav,Potter
0704.wav,Potter
0705.wav,Potter
0707.wav,Potter
0709.wav,Potter
0711.wav,Potter
0712.wav,Potter
0714.wav,Potter
0716.wav,Potter
0717.wav,Potter
0718.wav,Potter
0719.wav,Potter
0720.wav,Potter
0721.wav,Potter
0722.wav,Potter
0723.wav,Potter
0724.wav,Potter
0725.wav,Potter
0726.wav,Potter
0730.wav,Potter
0731.wav,Potter
0733.wav,Potter
0734.wav,Potter
0735.wav,Potter
0736.wav,Potter
0737.wav,Potter
0738.wav,Potter
0740.wav,Potter
0741.wav,Potter
0742.wav,Potter
0743.wav,Potter
0744.wav,Potter
0746.wav,Potter
0747.wav,Potter
0749.wav,Potter
0750.wav,Potter
0751.wav,Potter
0752.wav,Potter
0754.wav,Potter
0759.wav,Potter
0760.wav,Potter
0761.wav,Potter
0763.wav,Potter
0764.wav,Potter
0765.wav,Potter
0766.wav,Potter
0767.wav,Potter
0769.wav,Potter
0770.wav,Potter
0772.wav,Potter
0773.wav,Potter
0775.wav,Potter
0776.wav,Potter
0779.wav,Potter
0780.wav,Potter
0781.wav,Potter
0782.wav,Potter
0784.wav,Potter
0786.wav,Potter
0789.wav,Potter
0791.wav,Potter
0792.wav,Potter
0793.wav,Potter
0794.wav,Potter
0795.wav,Potter
0796.wav,Potter
0799.wav,Potter
0800.wav,Potter
0804.wav,Potter
0806.wav,Potter
0807.wav,Potter
0809.wav,Potter
0810.wav,Potter
0811.wav,Potter
0812.wav,Potter
0813.wav,Potter
0814.wav,Potter
0815.wav,Potter
0816.wav,Potter
0817.wav,Potter
0818.wav,Potter
0819.wav,Potter
0821.wav,Potter
0822.wav,Potter
0823.wav,Potter
0826.wav,Potter
0827.wav,Potter
0828.wav,Potter
0831.wav,Potter
0832.wav,Potter
0833.wav,Potter
0834.wav,Potter
0836.wav,Potter
0838.wav,StarWars
0839.wav,StarWars
0840.wav,StarWars
0842.wav,StarWars
0843.wav,StarWars
0845.wav,StarWars
0846.wav,StarWars
0847.wav,StarWars
0849.wav,StarWars
0851.wav,StarWars
0853.wav,StarWars
0855.wav,StarWars
0856.wav,StarWars
0857.wav,StarWars
0858.wav,StarWars
0859.wav,StarWars
0861.wav,StarWars
0862.wav,StarWars
0863.wav,StarWars
0864.wav,StarWars
0865.wav,StarWars
0866.wav,StarWars
0867.wav,StarWars
0868.wav,StarWars
0869.wav,StarWars
0870.wav,StarWars
0871.wav,StarWars
0872.wav,StarWars
0873.wav,StarWars
0874.wav,StarWars
0875.wav,StarWars
0876.wav,StarWars
0879.wav,StarWars
0880.wav,StarWars
0881.wav,StarWars
0883.wav,StarWars
0884.wav,StarWars
0889.wav,StarWars
0890.wav,StarWars
0891.wav,StarWars
0894.wav,StarWars
0895.wav,StarWars
0896.wav,StarWars
0897.wav,StarWars
0898.wav,StarWars
0899.wav,StarWars
0900.wav,StarWars
0901.wav,StarWars
0902.wav,StarWars
0903.wav,StarWars
0905.wav,StarWars
0908.wav,StarWars
0910.wav,StarWars
0911.wav,StarWars
0912.wav,StarWars
0913.wav,StarWars
0914.wav,StarWars
0916.wav,StarWars
0918.wav,StarWars
0919.wav,StarWars
0920.wav,StarWars
0924.wav,StarWars
0926.wav,StarWars
0928.wav,StarWars
0930.wav,StarWars
0931.wav,StarWars
0932.wav,StarWars
0933.wav,StarWars
0935.wav,StarWars
0936.wav,StarWars
0937.wav,StarWars
0938.wav,StarWars
0939.wav,StarWars
0941.wav,StarWars
0942.wav,StarWars
0943.wav,StarWars
0944.wav,StarWars
0945.wav,StarWars
0946.wav,StarWars
0947.wav,StarWars
0948.wav,StarWars
0949.wav,StarWars
0950.wav,StarWars
0951.wav,StarWars
0952.wav,StarWars
0953.wav,StarWars
0955.wav,StarWars
0957.wav,StarWars
0958.wav,StarWars
0960.wav,StarWars
0961.wav,StarWars
0962.wav,StarWars
0963.wav,StarWars
0965.wav,StarWars
0967.wav,StarWars
0968.wav,StarWars
0969.wav,StarWars
0970.wav,StarWars
0971.wav,StarWars
0972.wav,StarWars
0973.wav,StarWars
0976.wav,StarWars
0977.wav,StarWars
0978.wav,StarWars
0979.wav,StarWars
0980.wav,StarWars
0981.wav,StarWars
0982.wav,StarWars
0983.wav,StarWars
0984.wav,StarWars
0987.wav,StarWars
0989.wav,StarWars
0990.wav,StarWars
0991.wav,StarWars
0992.wav,StarWars
0995.wav,StarWars
0996.wav,StarWars
0998.wav,StarWars
1000.wav,StarWars
1001.wav,StarWars
1002.wav,StarWars
1003.wav,StarWars
1005.wav,StarWars
1007.wav,StarWars
1009.wav,StarWars
1011.wav,StarWars
1012.wav,StarWars
1013.wav,StarWars
1016.wav,StarWars
1017.wav,StarWars
1018.wav,StarWars
1019.wav,StarWars
1020.wav,StarWars
1021.wav,StarWars
1022.wav,StarWars
1023.wav,StarWars
1024.wav,StarWars
1025.wav,StarWars
1028.wav,StarWars
1029.wav,StarWars
1031.wav,StarWars
1032.wav,StarWars
1033.wav,StarWars
1034.wav,StarWars
1035.wav,StarWars
1036.wav,StarWars
1037.wav,StarWars
1038.wav,StarWars
1039.wav,StarWars
1041.wav,StarWars
1043.wav,StarWars
1044.wav,StarWars
1047.wav,StarWars
1049.wav,StarWars
1050.wav,StarWars
1053.wav,StarWars
1054.wav,StarWars
1055.wav,StarWars
1056.wav,StarWars
1057.wav,StarWars
1058.wav,StarWars
1059.wav,StarWars
1061.wav,StarWars
1063.wav,StarWars
1065.wav,StarWars
1066.wav,StarWars
1067.wav,StarWars
1068.wav,StarWars
1069.wav,StarWars
1070.wav,StarWars
1071.wav,StarWars
1072.wav,StarWars
1073.wav,StarWars
1074.wav,StarWars
1076.wav,StarWars
1080.wav,StarWars
1081.wav,StarWars
1082.wav,StarWars
1083.wav,StarWars
1084.wav,StarWars
1086.wav,StarWars
1088.wav,StarWars
1091.wav,StarWars
1092.wav,StarWars
1093.wav,StarWars
1094.wav,StarWars
1095.wav,StarWars
1096.wav,StarWars
1097.wav,StarWars
1098.wav,StarWars
1099.wav,StarWars
1100.wav,StarWars
1102.wav,StarWars
1103.wav,StarWars
1104.wav,StarWars
1105.wav,StarWars
1106.wav,StarWars
1107.wav,StarWars
1108.wav,StarWars
1109.wav,StarWars
1110.wav,StarWars
1111.wav,StarWars
1113.wav,StarWars
1114.wav,StarWars
1115.wav,StarWars
1116.wav,StarWars
1117.wav,StarWars
1118.wav,StarWars
1119.wav,StarWars
1120.wav,StarWars
1121.wav,StarWars
1122.wav,StarWars
1123.wav,StarWars
1124.wav,StarWars
1125.wav,StarWars
1126.wav,StarWars
1127.wav,StarWars
1128.wav,StarWars
1130.wav,StarWars
1133.wav,StarWars
1134.wav,StarWars
1135.wav,StarWars
1136.wav,StarWars
1137.wav,StarWars
1139.wav,StarWars
1141.wav,StarWars
1143.wav,StarWars
1144.wav,StarWars
1145.wav,StarWars
1146.wav,StarWars
1147.wav,StarWars
1148.wav,StarWars
1151.wav,StarWars
1153.wav,StarWars
1155.wav,StarWars
1156.wav,StarWars
1157.wav,StarWars
1158.wav,StarWars
1159.wav,StarWars
1161.wav,StarWars
1162.wav,StarWars
1164.wav,StarWars
1166.wav,StarWars
1168.wav,StarWars
1169.wav,StarWars
1171.wav,StarWars
1172.wav,StarWars
1175.wav,StarWars
1179.wav,StarWars
1180.wav,StarWars
1181.wav,StarWars
1182.wav,StarWars
1183.wav,StarWars
1184.wav,StarWars
1185.wav,StarWars
1186.wav,StarWars
1187.wav,StarWars
1188.wav,StarWars
1189.wav,StarWars
1190.wav,StarWars
1191.wav,StarWars
1192.wav,StarWars
1193.wav,StarWars
1194.wav,StarWars
1198.wav,StarWars
1200.wav,StarWars
1201.wav,StarWars
1202.wav,StarWars
1203.wav,StarWars
1204.wav,StarWars
1205.wav,StarWars
1208.wav,StarWars
1209.wav,StarWars
1210.wav,StarWars
1211.wav,StarWars
1212.wav,StarWars
1213.wav,StarWars
1214.wav,StarWars
1217.wav,StarWars
1218.wav,StarWars
1219.wav,StarWars
1221.wav,StarWars
1222.wav,StarWars
1223.wav,StarWars
1224.wav,StarWars
1225.wav,StarWars
1226.wav,StarWars
1227.wav,StarWars
1228.wav,StarWars
1229.wav,StarWars
1230.wav,StarWars
1231.wav,StarWars
1232.wav,StarWars
1234.wav,StarWars
1238.wav,StarWars
1239.wav,StarWars
1241.wav,StarWars
1242.wav,StarWars
1243.wav,StarWars
1244.wav,StarWars
1245.wav,StarWars
1247.wav,StarWars
1248.wav,StarWars
1250.wav,StarWars
1253.wav,StarWars
1254.wav,StarWars
1256.wav,StarWars
1257.wav,StarWars
1259.wav,StarWars
1260.wav,StarWars
1263.wav,StarWars
1264.wav,StarWars
1266.wav,StarWars
1268.wav,StarWars
1270.wav,StarWars
1271.wav,StarWars
1272.wav,StarWars
1274.wav,StarWars
1275.wav,StarWars
1277.wav,StarWars
1279.wav,StarWars
1281.wav,StarWars
1282.wav,StarWars
1283.wav,StarWars
1285.wav,StarWars
1286.wav,StarWars
1288.wav,StarWars
1289.wav,StarWars
1290.wav,StarWars
1291.wav,StarWars
1292.wav,StarWars
1293.wav,StarWars
1294.wav,StarWars
1295.wav,StarWars
1296.wav,StarWars
1299.wav,StarWars
1301.wav,StarWars
1302.wav,StarWars
1303.wav,StarWars
1304.wav,StarWars
1305.wav,StarWars
1306.wav,StarWars
1307.wav,StarWars
1308.wav,StarWars
1309.wav,StarWars
1310.wav,StarWars
1311.wav,StarWars
1312.wav,StarWars
1316.wav,StarWars
1319.wav,StarWars
1320.wav,StarWars
1324.wav,StarWars
1328.wav,StarWars
1329.wav,StarWars
1330.wav,StarWars
1332.wav,StarWars
1333.wav,StarWars
1336.wav,StarWars
1337.wav,StarWars
1338.wav,StarWars
1342.wav,StarWars
1343.wav,StarWars
1345.wav,StarWars
1346.wav,StarWars
1347.wav,StarWars
1348.wav,StarWars
1349.wav,StarWars
1350.wav,StarWars
1351.wav,StarWars
1352.wav,StarWars
1353.wav,StarWars
1355.wav,StarWars
1356.wav,StarWars
1357.wav,StarWars
1358.wav,StarWars
1360.wav,StarWars
1361.wav,StarWars
1362.wav,StarWars
1363.wav,StarWars
1364.wav,StarWars
1365.wav,StarWars
1367.wav,StarWars
1368.wav,StarWars
1370.wav,StarWars
1371.wav,StarWars
1372.wav,StarWars
1373.wav,StarWars
1374.wav,StarWars
1375.wav,StarWars
1376.wav,StarWars
1377.wav,StarWars
1379.wav,StarWars
1380.wav,StarWars
1382.wav,StarWars
1383.wav,StarWars
1384.wav,StarWars
1385.wav,StarWars
1386.wav,StarWars
1387.wav,StarWars
1388.wav,StarWars
1389.wav,StarWars
1391.wav,StarWars
1392.wav,StarWars
1393.wav,StarWars
1394.wav,StarWars
1395.wav,StarWars
1396.wav,StarWars
1397.wav,StarWars
1400.wav,StarWars
1401.wav,StarWars
1404.wav,StarWars
1405.wav,StarWars
1406.wav,StarWars
1407.wav,StarWars
1409.wav,StarWars
1410.wav,StarWars
1412.wav,StarWars
1413.wav,StarWars
1414.wav,StarWars
1415.wav,StarWars
1416.wav,StarWars
1417.wav,StarWars
1419.wav,StarWars
1422.wav,StarWars
1424.wav,StarWars
1425.wav,StarWars
1426.wav,StarWars
1427.wav,StarWars
1429.wav,StarWars
1430.wav,StarWars
1431.wav,StarWars
1432.wav,StarWars
1433.wav,StarWars
1437.wav,StarWars
1438.wav,StarWars
1439.wav,StarWars
1440.wav,StarWars
1441.wav,StarWars
1442.wav,StarWars
1443.wav,StarWars
1446.wav,StarWars
1447.wav,StarWars
1450.wav,StarWars
1451.wav,StarWars
1452.wav,StarWars
1453.wav,StarWars
1454.wav,StarWars
1455.wav,StarWars
1457.wav,StarWars
1458.wav,StarWars
1459.wav,StarWars
1462.wav,StarWars
1464.wav,StarWars
1465.wav,StarWars
1466.wav,StarWars
1467.wav,StarWars
1468.wav,StarWars
1469.wav,StarWars
1470.wav,StarWars
1471.wav,StarWars
1472.wav,StarWars
1473.wav,StarWars
1474.wav,StarWars
1475.wav,StarWars
1476.wav,StarWars
1477.wav,StarWars
1479.wav,StarWars
1481.wav,StarWars
1483.wav,StarWars
1484.wav,StarWars
1485.wav,StarWars
1486.wav,StarWars
1487.wav,StarWars
1488.wav,StarWars
1489.wav,StarWars
1492.wav,StarWars
1494.wav,StarWars
1499.wav,StarWars
1500.wav,StarWars
1501.wav,StarWars
1503.wav,StarWars
1505.wav,StarWars
1507.wav,StarWars
1511.wav,StarWars
1512.wav,StarWars
1513.wav,StarWars
1514.wav,StarWars
1515.wav,StarWars
1516.wav,StarWars
1517.wav,StarWars
1518.wav,StarWars
1520.wav,StarWars
1521.wav,StarWars
1523.wav,StarWars
1524.wav,StarWars
1526.wav,StarWars
1527.wav,StarWars
1528.wav,StarWars
1529.wav,StarWars
1530.wav,StarWars
1531.wav,StarWars
1532.wav,StarWars
1534.wav,StarWars
1536.wav,StarWars
1537.wav,StarWars
1538.wav,StarWars
1539.wav,StarWars
1541.wav,StarWars
1542.wav,StarWars
1543.wav,StarWars
1544.wav,StarWars
1545.wav,StarWars
1546.wav,StarWars
1547.wav,StarWars
1548.wav,StarWars
1549.wav,StarWars
1550.wav,StarWars
1551.wav,StarWars
1552.wav,StarWars
1553.wav,StarWars
1554.wav,StarWars
1555.wav,StarWars
1556.wav,StarWars
1557.wav,StarWars
1558.wav,StarWars
1559.wav,StarWars
1560.wav,StarWars
1562.wav,StarWars
1563.wav,StarWars
1564.wav,StarWars
1566.wav,StarWars
1567.wav,StarWars
1568.wav,StarWars
1569.wav,StarWars
1571.wav,StarWars
1572.wav,StarWars
1573.wav,StarWars
1574.wav,StarWars
1576.wav,StarWars
1577.wav,StarWars
1578.wav,StarWars
1580.wav,StarWars
1583.wav,StarWars
1584.wav,StarWars
1586.wav,StarWars
1587.wav,StarWars
1588.wav,StarWars
1590.wav,StarWars
1591.wav,StarWars
1592.wav,StarWars
1593.wav,StarWars
1594.wav,StarWars
1595.wav,StarWars
1597.wav,StarWars
1598.wav,StarWars
1601.wav,StarWars
1602.wav,StarWars
1604.wav,StarWars
1607.wav,StarWars
1608.wav,StarWars
1610.wav,StarWars
1612.wav,StarWars
1613.wav,StarWars
1614.wav,StarWars
1615.wav,StarWars
1616.wav,StarWars
1617.wav,StarWars
1621.wav,StarWars
1622.wav,StarWars
1623.wav,StarWars
1624.wav,StarWars
1625.wav,StarWars
1627.wav,StarWars
1628.wav,StarWars
1629.wav,StarWars
1630.wav,StarWars
1631.wav,StarWars
1632.wav,StarWars
1634.wav,StarWars
1635.wav,StarWars
1637.wav,StarWars
1638.wav,StarWars
1639.wav,StarWars
1640.wav,StarWars
1643.wav,StarWars
1644.wav,StarWars
1645.wav,StarWars
1647.wav,StarWars
1649.wav,StarWars
1650.wav,StarWars
1651.wav,StarWars
1653.wav,StarWars
1655.wav,StarWars
1656.wav,StarWars
1657.wav,StarWars
1658.wav,StarWars
1659.wav,StarWars
1660.wav,StarWars
1661.wav,StarWars
1662.wav,StarWars
1663.wav,StarWars
1664.wav,StarWars
1665.wav,StarWars
1666.wav,StarWars
1668.wav,StarWars
1669.wav,StarWars
1670.wav,Panther
1673.wav,Panther
1674.wav,Panther
1675.wav,Panther
1676.wav,Panther
1677.wav,Panther
1678.wav,Panther
1680.wav,Panther
1682.wav,Panther
1683.wav,Panther
1684.wav,Panther
1685.wav,Panther
1687.wav,Panther
1688.wav,Panther
1689.wav,Panther
1690.wav,Panther
1691.wav,Panther
1692.wav,Panther
1693.wav,Panther
1695.wav,Panther
1696.wav,Panther
1697.wav,Panther
1699.wav,Panther
1700.wav,Panther
1703.wav,Panther
1704.wav,Panther
1705.wav,Panther
1707.wav,Panther
1708.wav,Panther
1709.wav,Panther
1710.wav,Panther
1712.wav,Panther
1714.wav,Panther
1715.wav,Panther
1716.wav,Panther
1720.wav,Panther
1721.wav,Panther
1722.wav,Panther
1723.wav,Panther
1724.wav,Panther
1725.wav,Panther
1727.wav,Panther
1728.wav,Panther
1729.wav,Panther
1730.wav,Panther
1731.wav,Panther
1732.wav,Panther
1733.wav,Panther
1735.wav,Panther
1736.wav,Panther
1737.wav,Panther
1740.wav,Panther
1741.wav,Panther
1743.wav,Panther
1745.wav,Panther
1746.wav,Panther
1747.wav,Panther
1748.wav,Panther
1749.wav,Panther
1750.wav,Panther
1751.wav,Panther
1754.wav,Panther
1755.wav,Panther
1756.wav,Panther
1757.wav,Panther
1758.wav,Panther
1760.wav,Panther
1763.wav,Panther
1764.wav,Panther
1765.wav,Panther
1766.wav,Panther
1769.wav,Panther
1770.wav,Panther
1772.wav,Panther
1773.wav,Panther
1774.wav,Panther
1775.wav,Panther
1776.wav,Panther
1778.wav,Panther
1779.wav,Panther
1780.wav,Panther
1781.wav,Panther
1782.wav,Panther
1784.wav,Panther
1785.wav,Panther
1786.wav,Panther
1787.wav,Panther
1789.wav,Panther
1791.wav,Panther
1792.wav,Panther
1793.wav,Panther
1795.wav,Panther
1796.wav,Panther
1799.wav,Panther
1801.wav,Panther
1802.wav,Panther
1805.wav,Panther
1806.wav,Panther
1807.wav,Panther
1808.wav,Panther
1809.wav,Panther
1810.wav,Panther
1811.wav,Panther
1812.wav,Panther
1813.wav,Panther
1814.wav,Panther
1816.wav,Panther
1818.wav,Panther
1819.wav,Panther
1820.wav,Panther
1821.wav,Panther
1822.wav,Panther
1823.wav,Panther
1824.wav,Panther
1825.wav,Panther
1826.wav,Panther
1827.wav,Panther
1828.wav,Panther
1829.wav,Panther
1830.wav,Panther
1831.wav,Panther
1834.wav,Panther
1837.wav,Panther
1838.wav,Panther
1839.wav,Panther
1840.wav,Panther
1841.wav,Panther
1842.wav,Panther
1843.wav,Panther
1845.wav,Panther
1846.wav,Panther
1849.wav,Panther
1850.wav,Panther
1852.wav,Panther
1853.wav,Panther
1854.wav,Panther
1855.wav,Panther
1857.wav,Panther
1858.wav,Panther
1859.wav,Panther
1861.wav,Panther
1862.wav,Panther
1864.wav,Panther
1865.wav,Panther
1867.wav,Panther
1869.wav,Panther
1870.wav,Panther
1871.wav,Panther
1872.wav,Panther
1873.wav,Panther
1874.wav,Panther
1875.wav,Panther
1877.wav,Panther
1878.wav,Panther
1880.wav,Panther
1883.wav,Panther
1884.wav,Panther
1887.wav,Panther
1888.wav,Panther
1889.wav,Panther
1890.wav,Panther
1891.wav,Panther
1892.wav,Panther
1895.wav,Panther
1897.wav,Panther
1898.wav,Panther
1899.wav,Panther
1900.wav,Panther
1901.wav,Panther
1904.wav,Panther
1905.wav,Panther
1906.wav,Panther
1907.wav,Panther
1909.wav,Panther
1910.wav,Panther
1912.wav,Panther
1913.wav,Panther
1914.wav,Panther
1917.wav,Panther
1918.wav,Panther
1919.wav,Panther
1921.wav,Panther
1922.wav,Panther
1923.wav,Panther
1924.wav,Panther
1925.wav,Panther
1927.wav,Panther
1928.wav,Panther
1930.wav,Panther
1933.wav,Panther
1934.wav,Panther
1935.wav,Panther
1936.wav,Panther
1937.wav,Panther
1940.wav,Panther
1941.wav,Panther
1942.wav,Panther
1943.wav,Panther
1945.wav,Panther
1946.wav,Panther
1948.wav,Panther
1949.wav,Panther
1950.wav,Panther
1951.wav,Panther
1952.wav,Panther
1954.wav,Panther
1956.wav,Panther
1958.wav,Panther
1960.wav,Panther
1961.wav,Panther
1962.wav,Panther
1963.wav,Panther
1965.wav,Panther
1966.wav,Panther
1967.wav,Panther
1969.wav,Panther
1971.wav,Panther
1974.wav,Panther
1975.wav,Panther
1976.wav,Panther
1977.wav,Panther
1979.wav,Panther
1980.wav,Panther
1981.wav,Panther
1982.wav,Panther
1983.wav,Panther
1984.wav,Panther
1985.wav,Panther
1986.wav,Panther
1987.wav,Panther
1988.wav,Panther
1989.wav,Panther
1990.wav,Panther
1991.wav,Panther
1992.wav,Panther
1993.wav,Panther
1994.wav,Panther
1995.wav,Panther
1996.wav,Panther
1997.wav,Panther
1998.wav,Panther
1999.wav,Panther
2000.wav,Panther
2001.wav,Panther
2002.wav,Panther
2003.wav,Panther
2005.wav,Panther
2006.wav,Panther
2008.wav,Panther
2009.wav,Panther
2011.wav,Panther
2012.wav,Panther
2013.wav,Panther
2015.wav,Panther
2016.wav,Panther
2017.wav,Panther
2018.wav,Panther
2019.wav,Panther
2021.wav,Panther
2022.wav,Panther
2025.wav,Panther
2026.wav,Panther
2027.wav,Panther
2029.wav,Panther
2030.wav,Panther
2031.wav,Panther
2033.wav,Panther
2034.wav,Panther
2035.wav,Panther
2036.wav,Panther
2038.wav,Panther
2040.wav,Panther
2044.wav,Panther
2046.wav,Panther
2047.wav,Panther
2049.wav,Panther
2050.wav,Panther
2052.wav,Panther
2053.wav,Panther
2055.wav,Panther
2056.wav,Panther
2057.wav,Panther
2059.wav,Panther
2060.wav,Panther
2062.wav,Panther
2063.wav,Panther
2064.wav,Panther
2066.wav,Panther
2068.wav,Panther
2069.wav,Panther
2070.wav,Panther
2071.wav,Panther
2072.wav,Panther
2073.wav,Panther
2074.wav,Panther
2077.wav,Panther
2079.wav,Panther
2080.wav,Panther
2082.wav,Panther
2084.wav,Panther
2086.wav,Panther
2087.wav,Panther
2088.wav,Panther
2090.wav,Panther
2092.wav,Panther
2093.wav,Panther
2095.wav,Panther
2096.wav,Panther
2098.wav,Panther
2099.wav,Panther
2100.wav,Panther
2102.wav,Panther
2103.wav,Panther
2104.wav,Panther
2105.wav,Panther
2108.wav,Panther
2109.wav,Panther
2110.wav,Panther
2111.wav,Panther
2112.wav,Panther
2113.wav,Panther
2114.wav,Panther
2115.wav,Panther
2116.wav,Panther
2118.wav,Panther
2119.wav,Panther
2121.wav,Panther
2122.wav,Panther
2123.wav,Panther
2125.wav,Panther
2128.wav,Panther
2129.wav,Panther
2130.wav,Panther
2132.wav,Panther
2134.wav,Panther
2135.wav,Panther
2136.wav,Panther
2137.wav,Panther
2139.wav,Panther
2140.wav,Panther
2141.wav,Panther
2142.wav,Panther
2143.wav,Panther
2144.wav,Panther
2145.wav,Panther
2147.wav,Panther
2149.wav,Panther
2150.wav,Panther
2154.wav,Panther
2155.wav,Panther
2156.wav,Panther
2157.wav,Panther
2160.wav,Panther
2161.wav,Panther
2162.wav,Panther
2164.wav,Panther
2165.wav,Panther
2168.wav,Panther
2169.wav,Panther
2171.wav,Panther
2173.wav,Panther
2174.wav,Panther
2175.wav,Panther
2176.wav,Panther
2177.wav,Panther
2178.wav,Panther
2179.wav,Panther
2180.wav,Panther
2182.wav,Panther
2183.wav,Panther
2184.wav,Panther
2185.wav,Panther
2186.wav,Panther
2188.wav,Panther
2189.wav,Panther
2190.wav,Panther
2191.wav,Panther
2192.wav,Panther
2193.wav,Panther
2194.wav,Panther
2195.wav,Panther
2197.wav,Panther
2198.wav,Panther
2199.wav,Panther
2201.wav,Panther
2202.wav,Panther
2203.wav,Panther
2204.wav,Panther
2205.wav,Panther
2206.wav,Panther
2207.wav,Panther
2209.wav,Panther
2210.wav,Panther
2211.wav,Panther
2213.wav,Panther
2214.wav,Panther
2220.wav,Panther
2221.wav,Panther
2223.wav,Panther
2225.wav,Panther
2226.wav,Panther
2227.wav,Panther
2228.wav,Panther
2229.wav,Panther
2230.wav,Panther
2231.wav,Panther
2232.wav,Panther
2233.wav,Panther
2235.wav,Panther
2236.wav,Panther
2237.wav,Panther
2238.wav,Panther
2239.wav,Panther
2240.wav,Panther
2241.wav,Panther
2243.wav,Panther
2244.wav,Panther
2245.wav,Panther
2246.wav,Panther
2247.wav,Panther
2248.wav,Panther
2249.wav,Panther
2253.wav,Panther
2254.wav,Panther
2256.wav,Panther
2257.wav,Panther
2259.wav,Panther
2260.wav,Panther
2261.wav,Panther
2263.wav,Panther
2264.wav,Panther
2265.wav,Panther
2270.wav,Panther
2273.wav,Panther
2274.wav,Panther
2275.wav,Panther
2276.wav,Panther
2277.wav,Panther
2278.wav,Panther
2279.wav,Panther
2280.wav,Panther
2282.wav,Panther
2283.wav,Panther
2284.wav,Panther
2285.wav,Panther
2286.wav,Panther
2287.wav,Panther
2288.wav,Panther
2289.wav,Panther
2293.wav,Panther
2294.wav,Panther
2297.wav,Panther
2298.wav,Panther
2299.wav,Panther
2301.wav,Panther
2302.wav,Panther
2303.wav,Panther
2305.wav,Panther
2306.wav,Panther
2308.wav,Panther
2310.wav,Panther
2311.wav,Panther
2313.wav,Panther
2316.wav,Panther
2317.wav,Panther
2318.wav,Panther
2319.wav,Panther
2320.wav,Panther
2322.wav,Panther
2325.wav,Panther
2327.wav,Panther
2329.wav,Panther
2330.wav,Panther
2331.wav,Panther
2333.wav,Panther
2334.wav,Panther
2335.wav,Panther
2337.wav,Panther
2338.wav,Panther
2339.wav,Panther
2340.wav,Panther
2342.wav,Panther
2344.wav,Panther
2346.wav,Panther
2347.wav,Panther
2349.wav,Panther
2351.wav,Panther
2353.wav,Panther
2355.wav,Panther
2357.wav,Panther
2358.wav,Panther
2361.wav,Panther
2363.wav,Panther
2364.wav,Panther
2366.wav,Panther
2367.wav,Panther
2368.wav,Panther
2369.wav,Panther
2370.wav,Panther
2371.wav,Panther
2372.wav,Panther
2373.wav,Panther
2374.wav,Panther
2375.wav,Panther
2376.wav,Panther
2377.wav,Panther
2378.wav,Panther
2379.wav,Panther
2381.wav,Panther
2382.wav,Panther
2383.wav,Panther
2384.wav,Panther
2385.wav,Panther
2386.wav,Panther
2388.wav,Panther
2389.wav,Panther
2390.wav,Panther
2391.wav,Panther
2392.wav,Panther
2393.wav,Panther
2396.wav,Panther
2397.wav,Panther
2399.wav,Panther
2401.wav,Panther
2403.wav,Panther
2404.wav,Panther
2405.wav,Panther
2407.wav,Panther
2408.wav,Panther
2409.wav,Panther
2410.wav,Panther
2411.wav,Panther
2412.wav,Panther
2413.wav,Panther
2414.wav,Panther
2415.wav,Panther
2416.wav,Panther
2417.wav,Panther
2418.wav,Panther
2420.wav,Panther
2421.wav,Panther
2422.wav,Panther
2423.wav,Panther
2426.wav,Panther
2427.wav,Panther
2428.wav,Panther
2431.wav,Panther
2433.wav,Panther
2434.wav,Panther
2436.wav,Panther
2438.wav,Panther
2439.wav,Panther
2441.wav,Panther
2446.wav,Panther
2447.wav,Panther
2448.wav,Panther
2449.wav,Panther
2450.wav,Panther
2451.wav,Panther
2452.wav,Panther
2453.wav,Panther
2454.wav,Panther
2457.wav,Panther
2458.wav,Panther
2459.wav,Panther
2460.wav,Panther
2461.wav,Panther
2463.wav,Panther
2464.wav,Panther
2465.wav,Panther
2466.wav,Panther
2467.wav,Panther
2468.wav,Panther
2469.wav,Panther
2470.wav,Panther
2471.wav,Panther
2472.wav,Panther
2473.wav,Panther
2475.wav,Panther
2476.wav,Panther
2477.wav,Panther
2478.wav,Panther
2479.wav,Panther
2481.wav,Panther
2483.wav,Panther
2484.wav,Panther
2486.wav,Panther
2488.wav,Panther
2489.wav,Panther
2490.wav,Panther
2491.wav,Panther
2492.wav,Panther
2493.wav,Panther
2494.wav,Panther
2495.wav,Panther
2496.wav,Panther
2497.wav,Panther
2498.wav,Panther
2501.wav,Panther
2502.wav,Panther
2503.wav,Panther
2505.wav,Panther
2506.wav,Rain
2507.wav,Rain
2508.wav,Rain
2509.wav,Rain
2510.wav,Rain
2511.wav,Rain
2513.wav,Rain
2514.wav,Rain
2515.wav,Rain
2516.wav,Rain
2517.wav,Rain
2518.wav,Rain
2519.wav,Rain
2520.wav,Rain
2521.wav,Rain
2523.wav,Rain
2527.wav,Rain
2528.wav,Rain
2529.wav,Rain
2532.wav,Rain
2533.wav,Rain
2535.wav,Rain
2536.wav,Rain
2537.wav,Rain
2538.wav,Rain
2539.wav,Rain
2540.wav,Rain
2541.wav,Rain
2543.wav,Rain
2544.wav,Rain
2545.wav,Rain
2548.wav,Rain
2549.wav,Rain
2550.wav,Rain
2552.wav,Rain
2555.wav,Rain
2556.wav,Rain
2557.wav,Rain
2558.wav,Rain
2560.wav,Rain
2561.wav,Rain
2562.wav,Rain
2564.wav,Rain
2566.wav,Rain
2567.wav,Rain
2568.wav,Rain
2570.wav,Rain
2571.wav,Rain
2572.wav,Rain
2573.wav,Rain
2575.wav,Rain
2576.wav,Rain
2577.wav,Rain
2578.wav,Rain
2579.wav,Rain
2582.wav,Rain
2585.wav,Rain
2586.wav,Rain
2587.wav,Rain
2588.wav,Rain
2590.wav,Rain
2591.wav,Rain
2592.wav,Rain
2593.wav,Rain
2594.wav,Rain
2595.wav,Rain
2596.wav,Rain
2597.wav,Rain
2598.wav,Rain
2599.wav,Rain
2602.wav,Rain
2603.wav,Rain
2604.wav,Rain
2605.wav,Rain
2607.wav,Rain
2608.wav,Rain
2610.wav,Rain
2611.wav,Rain
2612.wav,Rain
2613.wav,Rain
2614.wav,Rain
2615.wav,Rain
2616.wav,Rain
2617.wav,Rain
2619.wav,Rain
2620.wav,Rain
2622.wav,Rain
2623.wav,Rain
2625.wav,Rain
2626.wav,Rain
2627.wav,Rain
2629.wav,Rain
2630.wav,Rain
2631.wav,Rain
2632.wav,Rain
2635.wav,Rain
2636.wav,Rain
2638.wav,Rain
2639.wav,Rain
2640.wav,Rain
2641.wav,Rain
2643.wav,Rain
2647.wav,Rain
2649.wav,Rain
2650.wav,Rain
2651.wav,Rain
2654.wav,Rain
2655.wav,Rain
2656.wav,Rain
2657.wav,Rain
2658.wav,Rain
2660.wav,Rain
2665.wav,Rain
2667.wav,Rain
2668.wav,Rain
2670.wav,Rain
2671.wav,Rain
2672.wav,Rain
2674.wav,Rain
2675.wav,Rain
2676.wav,Rain
2677.wav,Rain
2678.wav,Rain
2679.wav,Rain
2680.wav,Rain
2681.wav,Rain
2682.wav,Rain
2683.wav,Rain
2684.wav,Rain
2685.wav,Rain
2686.wav,Rain
2687.wav,Rain
2688.wav,Rain
2689.wav,Rain
2690.wav,Rain
2692.wav,Rain
2694.wav,Rain
2695.wav,Rain
2696.wav,Rain
2697.wav,Rain
2699.wav,Rain
2701.wav,Rain
2702.wav,Rain
2703.wav,Rain
2705.wav,Rain
2706.wav,Rain
2707.wav,Rain
2708.wav,Rain
2709.wav,Rain
2711.wav,Rain
2712.wav,Rain
2713.wav,Rain
2714.wav,Rain
2715.wav,Rain
2716.wav,Rain
2717.wav,Rain
2718.wav,Rain
2720.wav,Rain
2723.wav,Rain
2725.wav,Rain
2726.wav,Rain
2727.wav,Rain
2729.wav,Rain
2731.wav,Rain
2733.wav,Rain
2734.wav,Rain
2735.wav,Rain
2737.wav,Rain
2738.wav,Rain
2739.wav,Rain
2740.wav,Rain
2742.wav,Rain
2743.wav,Rain
2744.wav,Rain
2745.wav,Rain
2746.wav,Rain
2747.wav,Rain
2748.wav,Rain
2749.wav,Rain
2751.wav,Rain
2754.wav,Rain
2755.wav,Rain
2756.wav,Rain
2758.wav,Rain
2760.wav,Rain
2761.wav,Rain
2762.wav,Rain
2763.wav,Rain
2764.wav,Rain
2767.wav,Rain
2768.wav,Rain
2769.wav,Rain
2770.wav,Rain
2771.wav,Rain
2772.wav,Rain
2773.wav,Rain
2774.wav,Rain
2775.wav,Rain
2776.wav,Rain
2777.wav,Rain
2779.wav,Rain
2780.wav,Rain
2781.wav,Rain
2782.wav,Rain
2783.wav,Rain
2784.wav,Rain
2785.wav,Rain
2786.wav,Rain
2787.wav,Rain
2788.wav,Rain
2789.wav,Rain
2791.wav,Rain
2793.wav,Rain
2796.wav,Rain
2797.wav,Rain
2798.wav,Rain
2799.wav,Rain
2800.wav,Rain
2801.wav,Rain
2802.wav,Rain
2803.wav,Rain
2806.wav,Rain
2808.wav,Rain
2809.wav,Rain
2810.wav,Rain
2811.wav,Rain
2813.wav,Rain
2814.wav,Rain
2816.wav,Rain
2817.wav,Rain
2818.wav,Rain
2821.wav,Rain
2822.wav,Rain
2823.wav,Rain
2825.wav,Rain
2826.wav,Rain
2828.wav,Rain
2830.wav,Rain
2832.wav,Rain
2833.wav,Rain
2835.wav,Rain
2836.wav,Rain
2837.wav,Rain
2839.wav,Rain
2841.wav,Rain
2842.wav,Rain
2844.wav,Rain
2845.wav,Rain
2846.wav,Rain
2847.wav,Rain
2849.wav,Rain
2850.wav,Rain
2851.wav,Rain
2852.wav,Rain
2853.wav,Rain
2854.wav,Rain
2856.wav,Rain
2857.wav,Rain
2858.wav,Rain
2859.wav,Rain
2860.wav,Rain
2861.wav,Rain
2862.wav,Rain
2863.wav,Rain
2864.wav,Rain
2865.wav,Rain
2866.wav,Rain
2868.wav,Rain
2869.wav,Rain
2870.wav,Rain
2874.wav,Rain
2876.wav,Rain
2877.wav,Rain
2878.wav,Rain
2879.wav,Rain
2880.wav,Rain
2881.wav,Rain
2882.wav,Rain
2883.wav,Rain
2885.wav,Rain
2886.wav,Rain
2887.wav,Rain
2889.wav,Rain
2890.wav,Rain
2891.wav,Rain
2892.wav,Rain
2893.wav,Rain
2894.wav,Rain
2896.wav,Rain
2897.wav,Rain
2898.wav,Rain
2900.wav,Rain
2901.wav,Rain
2903.wav,Rain
2904.wav,Rain
2905.wav,Rain
2907.wav,Rain
2908.wav,Rain
2909.wav,Rain
2910.wav,Rain
2911.wav,Rain
2912.wav,Rain
2913.wav,Rain
2915.wav,Rain
2917.wav,Rain
2920.wav,Rain
2921.wav,Rain
2922.wav,Rain
2923.wav,Rain
2924.wav,Rain
2925.wav,Rain
2926.wav,Rain
2927.wav,Rain
2928.wav,Rain
2929.wav,Rain
2930.wav,Rain
2931.wav,Rain
2933.wav,Rain
2935.wav,Rain
2936.wav,Rain
2937.wav,Rain
2939.wav,Rain
2940.wav,Rain
2941.wav,Rain
2942.wav,Rain
2944.wav,Rain
2947.wav,Rain
2950.wav,Rain
2951.wav,Rain
2952.wav,Rain
2953.wav,Rain
2954.wav,Rain
2955.wav,Rain
2959.wav,Rain
2962.wav,Rain
2963.wav,Rain
2964.wav,Rain
2965.wav,Rain
2966.wav,Rain
2967.wav,Rain
2971.wav,Rain
2972.wav,Rain
2974.wav,Rain
2975.wav,Rain
2976.wav,Rain
2978.wav,Rain
2980.wav,Rain
2981.wav,Rain
2982.wav,Rain
2983.wav,Rain
2984.wav,Rain
2985.wav,Rain
2986.wav,Rain
2989.wav,Rain
2990.wav,Rain
2992.wav,Rain
2994.wav,Rain
2997.wav,Rain
2999.wav,Rain
3000.wav,Rain
3002.wav,Rain
3004.wav,Rain
3006.wav,Rain
3007.wav,Rain
3009.wav,Rain
3012.wav,Rain
3013.wav,Rain
3014.wav,Rain
3015.wav,Rain
3017.wav,Rain
3018.wav,Rain
3019.wav,Rain
3021.wav,Rain
3022.wav,Rain
3023.wav,Rain
3024.wav,Rain
3025.wav,Rain
3026.wav,Rain
3027.wav,Rain
3030.wav,Rain
3031.wav,Rain
3032.wav,Rain
3033.wav,Rain
3034.wav,Rain
3035.wav,Rain
3036.wav,Rain
3037.wav,Rain
3038.wav,Rain
3039.wav,Rain
3040.wav,Rain
3041.wav,Rain
3042.wav,Rain
3044.wav,Rain
3046.wav,Rain
3047.wav,Rain
3048.wav,Rain
3049.wav,Rain
3050.wav,Rain
3051.wav,Rain
3052.wav,Rain
3053.wav,Rain
3054.wav,Rain
3055.wav,Rain
3057.wav,Rain
3058.wav,Rain
3059.wav,Rain
3060.wav,Rain
3062.wav,Rain
3063.wav,Rain
3065.wav,Rain
3066.wav,Rain
3067.wav,Rain
3068.wav,Rain
3069.wav,Rain
3070.wav,Rain
3071.wav,Rain
3073.wav,Rain
3074.wav,Rain
3075.wav,Rain
3076.wav,Rain
3077.wav,Rain
3078.wav,Rain
3080.wav,Rain
3081.wav,Rain
3082.wav,Rain
3083.wav,Rain
3085.wav,Rain
3087.wav,Rain
3088.wav,Rain
3089.wav,Rain
3091.wav,Rain
3092.wav,Rain
3093.wav,Rain
3094.wav,Rain
3095.wav,Rain
3096.wav,Rain
3097.wav,Rain
3098.wav,Rain
3100.wav,Rain
3101.wav,Rain
3102.wav,Rain
3103.wav,Rain
3105.wav,Rain
3106.wav,Rain
3107.wav,Rain
3109.wav,Rain
3110.wav,Rain
3111.wav,Rain
3113.wav,Rain
3114.wav,Rain
3115.wav,Rain
3117.wav,Rain
3118.wav,Rain
3120.wav,Rain
3122.wav,Rain
3123.wav,Rain
3124.wav,Rain
3125.wav,Rain
3126.wav,Rain
3128.wav,Rain
3129.wav,Rain
3130.wav,Rain
3132.wav,Rain
3135.wav,Rain
3137.wav,Rain
3139.wav,Rain
3140.wav,Rain
3141.wav,Rain
3142.wav,Rain
3143.wav,Rain
3144.wav,Rain
3145.wav,Rain
3146.wav,Rain
3148.wav,Rain
3149.wav,Rain
3150.wav,Rain
3151.wav,Rain
3152.wav,Rain
3153.wav,Rain
3154.wav,Rain
3155.wav,Rain
3156.wav,Rain
3157.wav,Rain
3159.wav,Rain
3160.wav,Rain
3161.wav,Rain
3162.wav,Rain
3163.wav,Rain
3164.wav,Rain
3165.wav,Rain
3166.wav,Rain
3168.wav,Rain
3169.wav,Rain
3171.wav,Rain
3172.wav,Rain
3173.wav,Rain
3174.wav,Rain
3175.wav,Rain
3176.wav,Rain
3182.wav,Rain
3184.wav,Rain
3185.wav,Rain
3186.wav,Rain
3187.wav,Rain
3188.wav,Rain
3189.wav,Rain
3190.wav,Rain
3193.wav,Rain
3194.wav,Rain
3195.wav,Rain
3196.wav,Rain
3197.wav,Rain
3198.wav,Rain
3199.wav,Rain
3201.wav,Rain
3202.wav,Rain
3203.wav,Rain
3204.wav,Rain
3205.wav,Rain
3206.wav,Rain
3207.wav,Rain
3211.wav,Rain
3213.wav,Rain
3214.wav,Rain
3215.wav,Rain
3217.wav,Rain
3218.wav,Rain
3220.wav,Rain
3221.wav,Rain
3225.wav,Rain
3226.wav,Rain
3228.wav,Rain
3229.wav,Rain
3230.wav,Rain
3233.wav,Rain
3234.wav,Rain
3235.wav,Rain
3236.wav,Rain
3237.wav,Rain
3238.wav,Rain
3239.wav,Rain
3240.wav,Rain
3242.wav,Rain
3243.wav,Rain
3244.wav,Rain
3247.wav,Rain
3248.wav,Rain
3249.wav,Rain
3251.wav,Rain
3252.wav,Rain
3256.wav,Rain
3260.wav,Rain
3261.wav,Rain
3262.wav,Rain
3263.wav,Rain
3264.wav,Rain
3266.wav,Rain
3267.wav,Rain
3268.wav,Rain
3269.wav,Rain
3271.wav,Rain
3272.wav,Rain
3273.wav,Rain
3274.wav,Rain
3275.wav,Rain
3276.wav,Rain
3278.wav,Rain
3279.wav,Rain
3280.wav,Rain
3281.wav,Rain
3282.wav,Rain
3283.wav,Rain
3284.wav,Rain
3285.wav,Rain
3286.wav,Rain
3287.wav,Rain
3289.wav,Rain
3290.wav,Rain
3292.wav,Rain
3293.wav,Rain
3294.wav,Rain
3295.wav,Rain
3296.wav,Rain
3297.wav,Rain
3298.wav,Rain
3299.wav,Rain
3300.wav,Rain
3301.wav,Rain
3302.wav,Rain
3306.wav,Rain
3307.wav,Rain
3309.wav,Rain
3311.wav,Rain
3312.wav,Rain
3314.wav,Rain
3315.wav,Rain
3317.wav,Rain
3318.wav,Rain
3319.wav,Rain
3320.wav,Rain
3322.wav,Rain
3323.wav,Rain
3324.wav,Rain
3325.wav,Rain
3326.wav,Rain
3327.wav,Rain
3328.wav,Rain
3329.wav,Rain
3330.wav,Rain
3331.wav,Hakuna
3333.wav,Hakuna
3335.wav,Hakuna
3336.wav,Hakuna
3337.wav,Hakuna
3338.wav,Hakuna
3339.wav,Hakuna
3340.wav,Hakuna
3344.wav,Hakuna
3345.wav,Hakuna
3346.wav,Hakuna
3347.wav,Hakuna
3348.wav,Hakuna
3350.wav,Hakuna
3351.wav,Hakuna
3352.wav,Hakuna
3354.wav,Hakuna
3356.wav,Hakuna
3357.wav,Hakuna
3358.wav,Hakuna
3359.wav,Hakuna
3360.wav,Hakuna
3361.wav,Hakuna
3362.wav,Hakuna
3363.wav,Hakuna
3364.wav,Hakuna
3365.wav,Hakuna
3366.wav,Hakuna
3367.wav,Hakuna
3368.wav,Hakuna
3369.wav,Hakuna
3370.wav,Hakuna
3371.wav,Hakuna
3372.wav,Hakuna
3373.wav,Hakuna
3374.wav,Hakuna
3376.wav,Hakuna
3377.wav,Hakuna
3379.wav,Hakuna
3380.wav,Hakuna
3381.wav,Hakuna
3382.wav,Hakuna
3383.wav,Hakuna
3385.wav,Hakuna
3386.wav,Hakuna
3387.wav,Hakuna
3388.wav,Hakuna
3389.wav,Hakuna
3390.wav,Hakuna
3391.wav,Hakuna
3393.wav,Hakuna
3394.wav,Hakuna
3396.wav,Hakuna
3397.wav,Hakuna
3398.wav,Hakuna
3400.wav,Hakuna
3401.wav,Hakuna
3402.wav,Hakuna
3404.wav,Hakuna
3405.wav,Hakuna
3407.wav,Hakuna
3408.wav,Hakuna
3409.wav,Hakuna
3413.wav,Hakuna
3414.wav,Hakuna
3415.wav,Hakuna
3416.wav,Hakuna
3417.wav,Hakuna
3418.wav,Hakuna
3419.wav,Hakuna
3421.wav,Hakuna
3422.wav,Hakuna
3423.wav,Hakuna
3426.wav,Hakuna
3428.wav,Hakuna
3429.wav,Hakuna
3430.wav,Hakuna
3432.wav,Hakuna
3433.wav,Hakuna
3434.wav,Hakuna
3435.wav,Hakuna
3436.wav,Hakuna
3437.wav,Hakuna
3438.wav,Hakuna
3441.wav,Hakuna
3442.wav,Hakuna
3444.wav,Hakuna
3445.wav,Hakuna
3449.wav,Hakuna
3450.wav,Hakuna
3451.wav,Hakuna
3453.wav,Hakuna
3454.wav,Hakuna
3456.wav,Hakuna
3458.wav,Hakuna
3459.wav,Hakuna
3460.wav,Hakuna
3461.wav,Hakuna
3462.wav,Hakuna
3463.wav,Hakuna
3464.wav,Hakuna
3465.wav,Hakuna
3466.wav,Hakuna
3467.wav,Hakuna
3468.wav,Hakuna
3469.wav,Hakuna
3470.wav,Hakuna
3471.wav,Hakuna
3472.wav,Hakuna
3473.wav,Hakuna
3476.wav,Hakuna
3477.wav,Hakuna
3479.wav,Hakuna
3481.wav,Hakuna
3483.wav,Hakuna
3486.wav,Hakuna
3487.wav,Hakuna
3488.wav,Hakuna
3489.wav,Hakuna
3490.wav,Hakuna
3491.wav,Hakuna
3494.wav,Hakuna
3495.wav,Hakuna
3496.wav,Hakuna
3498.wav,Hakuna
3499.wav,Hakuna
3500.wav,Hakuna
3502.wav,Hakuna
3504.wav,Hakuna
3505.wav,Hakuna
3507.wav,Hakuna
3508.wav,Hakuna
3509.wav,Hakuna
3510.wav,Hakuna
3511.wav,Hakuna
3513.wav,Hakuna
3514.wav,Hakuna
3515.wav,Hakuna
3516.wav,Hakuna
3517.wav,Hakuna
3518.wav,Hakuna
3520.wav,Hakuna
3522.wav,Hakuna
3527.wav,Hakuna
3528.wav,Hakuna
3530.wav,Hakuna
3531.wav,Hakuna
3532.wav,Hakuna
3533.wav,Hakuna
3535.wav,Hakuna
3536.wav,Hakuna
3537.wav,Hakuna
3538.wav,Hakuna
3539.wav,Hakuna
3540.wav,Hakuna
3543.wav,Hakuna
3544.wav,Hakuna
3545.wav,Hakuna
3546.wav,Hakuna
3547.wav,Hakuna
3550.wav,Hakuna
3551.wav,Hakuna
3552.wav,Hakuna
3553.wav,Hakuna
3554.wav,Hakuna
3555.wav,Hakuna
3557.wav,Hakuna
3558.wav,Hakuna
3559.wav,Hakuna
3560.wav,Hakuna
3562.wav,Hakuna
3563.wav,Hakuna
3564.wav,Hakuna
3566.wav,Hakuna
3570.wav,Hakuna
3571.wav,Hakuna
3572.wav,Hakuna
3574.wav,Hakuna
3575.wav,Hakuna
3577.wav,Hakuna
3579.wav,Hakuna
3580.wav,Hakuna
3582.wav,Hakuna
3583.wav,Hakuna
3584.wav,Hakuna
3588.wav,Hakuna
3589.wav,Hakuna
3590.wav,Hakuna
3591.wav,Hakuna
3592.wav,Hakuna
3593.wav,Hakuna
3596.wav,Hakuna
3597.wav,Hakuna
3598.wav,Hakuna
3599.wav,Hakuna
3600.wav,Hakuna
3601.wav,Hakuna
3602.wav,Hakuna
3603.wav,Hakuna
3604.wav,Hakuna
3608.wav,Hakuna
3609.wav,Hakuna
3610.wav,Hakuna
3611.wav,Hakuna
3614.wav,Hakuna
3615.wav,Hakuna
3616.wav,Hakuna
3617.wav,Hakuna
3618.wav,Hakuna
3619.wav,Hakuna
3620.wav,Hakuna
3621.wav,Hakuna
3622.wav,Hakuna
3623.wav,Hakuna
3624.wav,Hakuna
3626.wav,Hakuna
3627.wav,Hakuna
3628.wav,Hakuna
3629.wav,Hakuna
3630.wav,Hakuna
3632.wav,Hakuna
3633.wav,Hakuna
3634.wav,Hakuna
3636.wav,Hakuna
3637.wav,Hakuna
3638.wav,Hakuna
3639.wav,Hakuna
3640.wav,Hakuna
3641.wav,Hakuna
3643.wav,Hakuna
3644.wav,Hakuna
3645.wav,Hakuna
3646.wav,Hakuna
3648.wav,Hakuna
3649.wav,Hakuna
3650.wav,Hakuna
3652.wav,Hakuna
3653.wav,Hakuna
3656.wav,Hakuna
3657.wav,Hakuna
3658.wav,Hakuna
3659.wav,Hakuna
3660.wav,Hakuna
3662.wav,Hakuna
3663.wav,Hakuna
3664.wav,Hakuna
3667.wav,Hakuna
3669.wav,Hakuna
3671.wav,Hakuna
3672.wav,Hakuna
3674.wav,Hakuna
3675.wav,Hakuna
3676.wav,Hakuna
3677.wav,Hakuna
3678.wav,Hakuna
3679.wav,Hakuna
3680.wav,Hakuna
3681.wav,Hakuna
3683.wav,Hakuna
3684.wav,Hakuna
3685.wav,Hakuna
3686.wav,Hakuna
3688.wav,Hakuna
3691.wav,Hakuna
3692.wav,Hakuna
3693.wav,Hakuna
3695.wav,Hakuna
3696.wav,Hakuna
3697.wav,Hakuna
3698.wav,Hakuna
3699.wav,Hakuna
3700.wav,Hakuna
3703.wav,Hakuna
3705.wav,Hakuna
3707.wav,Hakuna
3709.wav,Hakuna
3710.wav,Hakuna
3711.wav,Hakuna
3713.wav,Hakuna
3714.wav,Hakuna
3715.wav,Hakuna
3716.wav,Hakuna
3718.wav,Hakuna
3719.wav,Hakuna
3721.wav,Hakuna
3722.wav,Hakuna
3723.wav,Hakuna
3724.wav,Hakuna
3725.wav,Hakuna
3726.wav,Hakuna
3727.wav,Hakuna
3729.wav,Hakuna
3730.wav,Hakuna
3731.wav,Hakuna
3733.wav,Hakuna
3734.wav,Hakuna
3735.wav,Hakuna
3736.wav,Hakuna
3737.wav,Hakuna
3738.wav,Hakuna
3739.wav,Hakuna
3740.wav,Hakuna
3742.wav,Hakuna
3743.wav,Hakuna
3747.wav,Hakuna
3748.wav,Hakuna
3749.wav,Hakuna
3750.wav,Hakuna
3751.wav,Hakuna
3752.wav,Hakuna
3753.wav,Hakuna
3754.wav,Hakuna
3756.wav,Hakuna
3757.wav,Hakuna
3758.wav,Hakuna
3760.wav,Hakuna
3763.wav,Hakuna
3764.wav,Hakuna
3765.wav,Hakuna
3766.wav,Hakuna
3768.wav,Hakuna
3770.wav,Hakuna
3771.wav,Hakuna
3772.wav,Hakuna
3773.wav,Hakuna
3774.wav,Hakuna
3775.wav,Hakuna
3776.wav,Hakuna
3777.wav,Hakuna
3778.wav,Hakuna
3779.wav,Hakuna
3783.wav,Hakuna
3784.wav,Hakuna
3785.wav,Hakuna
3788.wav,Hakuna
3789.wav,Hakuna
3790.wav,Hakuna
3792.wav,Hakuna
3794.wav,Hakuna
3796.wav,Hakuna
3797.wav,Hakuna
3798.wav,Hakuna
3799.wav,Hakuna
3800.wav,Hakuna
3801.wav,Hakuna
3803.wav,Hakuna
3804.wav,Hakuna
3805.wav,Hakuna
3806.wav,Hakuna
3808.wav,Hakuna
3809.wav,Hakuna
3810.wav,Hakuna
3811.wav,Hakuna
3812.wav,Hakuna
3813.wav,Hakuna
3815.wav,Hakuna
3816.wav,Hakuna
3817.wav,Hakuna
3818.wav,Hakuna
3819.wav,Hakuna
3820.wav,Hakuna
3821.wav,Hakuna
3823.wav,Hakuna
3824.wav,Hakuna
3826.wav,Hakuna
3827.wav,Hakuna
3829.wav,Hakuna
3830.wav,Hakuna
3831.wav,Hakuna
3832.wav,Hakuna
3833.wav,Hakuna
3836.wav,Hakuna
3838.wav,Hakuna
3839.wav,Hakuna
3840.wav,Hakuna
3841.wav,Hakuna
3842.wav,Hakuna
3843.wav,Hakuna
3845.wav,Hakuna
3847.wav,Hakuna
3848.wav,Hakuna
3849.wav,Hakuna
3850.wav,Hakuna
3852.wav,Hakuna
3853.wav,Hakuna
3855.wav,Hakuna
3859.wav,Hakuna
3861.wav,Hakuna
3863.wav,Hakuna
3864.wav,Hakuna
3865.wav,Hakuna
3866.wav,Hakuna
3867.wav,Hakuna
3869.wav,Hakuna
3871.wav,Hakuna
3872.wav,Hakuna
3873.wav,Hakuna
3874.wav,Hakuna
3875.wav,Hakuna
3877.wav,Hakuna
3879.wav,Hakuna
3881.wav,Hakuna
3883.wav,Hakuna
3884.wav,Hakuna
3885.wav,Hakuna
3886.wav,Hakuna
3888.wav,Hakuna
3889.wav,Hakuna
3890.wav,Hakuna
3892.wav,Hakuna
3894.wav,Hakuna
3897.wav,Hakuna
3899.wav,Hakuna
3900.wav,Hakuna
3901.wav,Hakuna
3902.wav,Hakuna
3903.wav,Hakuna
3904.wav,Hakuna
3905.wav,Hakuna
3908.wav,Hakuna
3909.wav,Hakuna
3910.wav,Hakuna
3911.wav,Hakuna
3913.wav,Hakuna
3914.wav,Hakuna
3916.wav,Hakuna
3917.wav,Hakuna
3918.wav,Hakuna
3921.wav,Hakuna
3922.wav,Hakuna
3923.wav,Hakuna
3924.wav,Hakuna
3925.wav,Hakuna
3927.wav,Hakuna
3929.wav,Hakuna
3930.wav,Hakuna
3931.wav,Hakuna
3932.wav,Hakuna
3933.wav,Hakuna
3934.wav,Hakuna
3935.wav,Hakuna
3936.wav,Hakuna
3937.wav,Hakuna
3939.wav,Hakuna
3940.wav,Hakuna
3942.wav,Hakuna
3945.wav,Hakuna
3946.wav,Hakuna
3947.wav,Hakuna
3948.wav,Hakuna
3949.wav,Hakuna
3950.wav,Hakuna
3951.wav,Hakuna
3952.wav,Hakuna
3953.wav,Hakuna
3955.wav,Hakuna
3957.wav,Hakuna
3958.wav,Hakuna
3959.wav,Hakuna
3960.wav,Hakuna
3962.wav,Hakuna
3963.wav,Hakuna
3964.wav,Hakuna
3965.wav,Hakuna
3967.wav,Hakuna
3968.wav,Hakuna
3970.wav,Hakuna
3971.wav,Hakuna
3972.wav,Hakuna
3973.wav,Hakuna
3974.wav,Hakuna
3976.wav,Hakuna
3977.wav,Hakuna
3978.wav,Hakuna
3979.wav,Hakuna
3980.wav,Hakuna
3981.wav,Hakuna
3982.wav,Hakuna
3983.wav,Hakuna
3986.wav,Hakuna
3987.wav,Hakuna
3988.wav,Hakuna
3989.wav,Hakuna
3990.wav,Hakuna
3991.wav,Hakuna
3995.wav,Hakuna
3998.wav,Hakuna
3999.wav,Hakuna
4000.wav,Hakuna
4001.wav,Hakuna
4002.wav,Hakuna
4003.wav,Hakuna
4004.wav,Hakuna
4005.wav,Hakuna
4006.wav,Hakuna
4007.wav,Hakuna
4008.wav,Hakuna
4009.wav,Hakuna
4010.wav,Hakuna
4011.wav,Hakuna
4012.wav,Hakuna
4014.wav,Hakuna
4015.wav,Hakuna
4016.wav,Hakuna
4017.wav,Hakuna
4018.wav,Hakuna
4021.wav,Hakuna
4022.wav,Hakuna
4023.wav,Hakuna
4024.wav,Hakuna
4025.wav,Hakuna
4026.wav,Hakuna
4027.wav,Hakuna
4029.wav,Hakuna
4030.wav,Hakuna
4032.wav,Hakuna
4033.wav,Hakuna
4034.wav,Hakuna
4037.wav,Hakuna
4038.wav,Hakuna
4039.wav,Hakuna
4040.wav,Hakuna
4041.wav,Hakuna
4042.wav,Hakuna
4043.wav,Hakuna
4045.wav,Hakuna
4046.wav,Hakuna
4047.wav,Hakuna
4050.wav,Hakuna
4051.wav,Hakuna
4052.wav,Hakuna
4053.wav,Hakuna
4054.wav,Hakuna
4055.wav,Hakuna
4057.wav,Hakuna
4059.wav,Hakuna
4061.wav,Hakuna
4062.wav,Hakuna
4063.wav,Hakuna
4066.wav,Hakuna
4067.wav,Hakuna
4071.wav,Hakuna
4072.wav,Hakuna
4073.wav,Hakuna
4074.wav,Hakuna
4076.wav,Hakuna
4077.wav,Hakuna
4079.wav,Hakuna
4080.wav,Hakuna
4081.wav,Hakuna
4083.wav,Hakuna
4084.wav,Hakuna
4087.wav,Hakuna
4089.wav,Hakuna
4090.wav,Hakuna
4092.wav,Hakuna
4093.wav,Hakuna
4095.wav,Hakuna
4097.wav,Hakuna
4098.wav,Hakuna
4099.wav,Hakuna
4100.wav,Hakuna
4102.wav,Hakuna
4104.wav,Hakuna
4106.wav,Hakuna
4108.wav,Hakuna
4109.wav,Hakuna
4110.wav,Hakuna
4113.wav,Hakuna
4114.wav,Hakuna
4115.wav,Hakuna
4116.wav,Hakuna
4117.wav,Hakuna
4120.wav,Hakuna
4121.wav,Hakuna
4123.wav,Hakuna
4125.wav,Hakuna
4126.wav,Hakuna
4127.wav,Hakuna
4128.wav,Hakuna
4129.wav,Hakuna
4130.wav,Hakuna
4131.wav,Hakuna
4132.wav,Hakuna
4134.wav,Hakuna
4135.wav,Hakuna
4136.wav,Hakuna
4139.wav,Hakuna
4140.wav,Hakuna
4141.wav,Hakuna
4142.wav,Hakuna
4143.wav,Hakuna
4146.wav,Hakuna
4147.wav,Hakuna
4149.wav,Hakuna
4151.wav,Hakuna
4152.wav,Hakuna
4155.wav,Hakuna
4157.wav,Hakuna
4158.wav,Hakuna
4159.wav,Hakuna
4160.wav,Mamma
4161.wav,Mamma
4162.wav,Mamma
4163.wav,Mamma
4164.wav,Mamma
4165.wav,Mamma
4167.wav,Mamma
4169.wav,Mamma
4171.wav,Mamma
4172.wav,Mamma
4174.wav,Mamma
4175.wav,Mamma
4176.wav,Mamma
4177.wav,Mamma
4180.wav,Mamma
4181.wav,Mamma
4182.wav,Mamma
4184.wav,Mamma
4185.wav,Mamma
4188.wav,Mamma
4189.wav,Mamma
4190.wav,Mamma
4192.wav,Mamma
4193.wav,Mamma
4195.wav,Mamma
4196.wav,Mamma
4197.wav,Mamma
4198.wav,Mamma
4199.wav,Mamma
4200.wav,Mamma
4201.wav,Mamma
4204.wav,Mamma
4205.wav,Mamma
4207.wav,Mamma
4208.wav,Mamma
4209.wav,Mamma
4210.wav,Mamma
4211.wav,Mamma
4213.wav,Mamma
4214.wav,Mamma
4215.wav,Mamma
4216.wav,Mamma
4217.wav,Mamma
4218.wav,Mamma
4219.wav,Mamma
4220.wav,Mamma
4223.wav,Mamma
4225.wav,Mamma
4226.wav,Mamma
4228.wav,Mamma
4229.wav,Mamma
4231.wav,Mamma
4233.wav,Mamma
4234.wav,Mamma
4235.wav,Mamma
4236.wav,Mamma
4238.wav,Mamma
4239.wav,Mamma
4240.wav,Mamma
4241.wav,Mamma
4243.wav,Mamma
4244.wav,Mamma
4245.wav,Mamma
4246.wav,Mamma
4248.wav,Mamma
4249.wav,Mamma
4250.wav,Mamma
4251.wav,Mamma
4254.wav,Mamma
4255.wav,Mamma
4258.wav,Mamma
4260.wav,Mamma
4261.wav,Mamma
4262.wav,Mamma
4263.wav,Mamma
4264.wav,Mamma
4265.wav,Mamma
4266.wav,Mamma
4267.wav,Mamma
4268.wav,Mamma
4269.wav,Mamma
4270.wav,Mamma
4272.wav,Mamma
4274.wav,Mamma
4275.wav,Mamma
4277.wav,Mamma
4278.wav,Mamma
4279.wav,Mamma
4280.wav,Mamma
4281.wav,Mamma
4282.wav,Mamma
4283.wav,Mamma
4285.wav,Mamma
4286.wav,Mamma
4287.wav,Mamma
4288.wav,Mamma
4289.wav,Mamma
4290.wav,Mamma
4291.wav,Mamma
4292.wav,Mamma
4293.wav,Mamma
4294.wav,Mamma
4296.wav,Mamma
4297.wav,Mamma
4298.wav,Mamma
4299.wav,Mamma
4301.wav,Mamma
4302.wav,Mamma
4303.wav,Mamma
4304.wav,Mamma
4306.wav,Mamma
4308.wav,Mamma
4309.wav,Mamma
4310.wav,Mamma
4311.wav,Mamma
4312.wav,Mamma
4313.wav,Mamma
4315.wav,Mamma
4316.wav,Mamma
4317.wav,Mamma
4319.wav,Mamma
4320.wav,Mamma
4321.wav,Mamma
4322.wav,Mamma
4323.wav,Mamma
4324.wav,Mamma
4325.wav,Mamma
4326.wav,Mamma
4330.wav,Mamma
4331.wav,Mamma
4332.wav,Mamma
4333.wav,Mamma
4335.wav,Mamma
4337.wav,Mamma
4338.wav,Mamma
4339.wav,Mamma
4342.wav,Mamma
4343.wav,Mamma
4344.wav,Mamma
4345.wav,Mamma
4346.wav,Mamma
4347.wav,Mamma
4349.wav,Mamma
4350.wav,Mamma
4351.wav,Mamma
4352.wav,Mamma
4353.wav,Mamma
4354.wav,Mamma
4357.wav,Mamma
4359.wav,Mamma
4360.wav,Mamma
4362.wav,Mamma
4363.wav,Mamma
4365.wav,Mamma
4366.wav,Mamma
4367.wav,Mamma
4369.wav,Mamma
4370.wav,Mamma
4371.wav,Mamma
4373.wav,Mamma
4374.wav,Mamma
4375.wav,Mamma
4376.wav,Mamma
4378.wav,Mamma
4379.wav,Mamma
4380.wav,Mamma
4381.wav,Mamma
4382.wav,Mamma
4384.wav,Mamma
4385.wav,Mamma
4386.wav,Mamma
4388.wav,Mamma
4390.wav,Mamma
4391.wav,Mamma
4392.wav,Mamma
4393.wav,Mamma
4395.wav,Mamma
4396.wav,Mamma
4397.wav,Mamma
4398.wav,Mamma
4402.wav,Mamma
4405.wav,Mamma
4406.wav,Mamma
4407.wav,Mamma
4408.wav,Mamma
4409.wav,Mamma
4410.wav,Mamma
4411.wav,Mamma
4413.wav,Mamma
4415.wav,Mamma
4416.wav,Mamma
4418.wav,Mamma
4420.wav,Mamma
4421.wav,Mamma
4422.wav,Mamma
4424.wav,Mamma
4426.wav,Mamma
4428.wav,Mamma
4429.wav,Mamma
4431.wav,Mamma
4432.wav,Mamma
4433.wav,Mamma
4434.wav,Mamma
4435.wav,Mamma
4436.wav,Mamma
4437.wav,Mamma
4441.wav,Mamma
4442.wav,Mamma
4445.wav,Mamma
4446.wav,Mamma
4447.wav,Mamma
4448.wav,Mamma
4450.wav,Mamma
4451.wav,Mamma
4452.wav,Mamma
4453.wav,Mamma
4454.wav,Mamma
4455.wav,Mamma
4458.wav,Mamma
4459.wav,Mamma
4463.wav,Mamma
4465.wav,Mamma
4466.wav,Mamma
4468.wav,Mamma
4469.wav,Mamma
4470.wav,Mamma
4472.wav,Mamma
4473.wav,Mamma
4474.wav,Mamma
4475.wav,Mamma
4476.wav,Mamma
4478.wav,Mamma
4479.wav,Mamma
4480.wav,Mamma
4481.wav,Mamma
4482.wav,Mamma
4483.wav,Mamma
4486.wav,Mamma
4488.wav,Mamma
4489.wav,Mamma
4490.wav,Mamma
4492.wav,Mamma
4494.wav,Mamma
4496.wav,Mamma
4497.wav,Mamma
4498.wav,Mamma
4499.wav,Mamma
4501.wav,Mamma
4502.wav,Mamma
4503.wav,Mamma
4504.wav,Mamma
4505.wav,Mamma
4506.wav,Mamma
4507.wav,Mamma
4509.wav,Mamma
4511.wav,Mamma
4512.wav,Mamma
4514.wav,Mamma
4515.wav,Mamma
4519.wav,Mamma
4520.wav,Mamma
4523.wav,Mamma
4524.wav,Mamma
4525.wav,Mamma
4527.wav,Mamma
4528.wav,Mamma
4529.wav,Mamma
4531.wav,Mamma
4532.wav,Mamma
4533.wav,Mamma
4534.wav,Mamma
4536.wav,Mamma
4537.wav,Mamma
4538.wav,Mamma
4539.wav,Mamma
4540.wav,Mamma
4542.wav,Mamma
4543.wav,Mamma
4544.wav,Mamma
4545.wav,Mamma
4547.wav,Mamma
4548.wav,Mamma
4550.wav,Mamma
4551.wav,Mamma
4553.wav,Mamma
4554.wav,Mamma
4555.wav,Mamma
4558.wav,Mamma
4559.wav,Mamma
4560.wav,Mamma
4561.wav,Mamma
4562.wav,Mamma
4563.wav,Mamma
4565.wav,Mamma
4567.wav,Mamma
4568.wav,Mamma
4569.wav,Mamma
4570.wav,Mamma
4571.wav,Mamma
4572.wav,Mamma
4573.wav,Mamma
4575.wav,Mamma
4576.wav,Mamma
4577.wav,Mamma
4578.wav,Mamma
4582.wav,Mamma
4583.wav,Mamma
4584.wav,Mamma
4585.wav,Mamma
4586.wav,Mamma
4587.wav,Mamma
4588.wav,Mamma
4590.wav,Mamma
4591.wav,Mamma
4593.wav,Mamma
4594.wav,Mamma
4596.wav,Mamma
4597.wav,Mamma
4598.wav,Mamma
4600.wav,Mamma
4601.wav,Mamma
4602.wav,Mamma
4603.wav,Mamma
4604.wav,Mamma
4605.wav,Mamma
4606.wav,Mamma
4607.wav,Mamma
4608.wav,Mamma
4610.wav,Mamma
4611.wav,Mamma
4612.wav,Mamma
4613.wav,Mamma
4614.wav,Mamma
4615.wav,Mamma
4617.wav,Mamma
4618.wav,Mamma
4619.wav,Mamma
4623.wav,Mamma
4624.wav,Mamma
4626.wav,Mamma
4627.wav,Mamma
4628.wav,Mamma
4629.wav,Mamma
4630.wav,Mamma
4633.wav,Mamma
4635.wav,Mamma
4636.wav,Mamma
4638.wav,Mamma
4639.wav,Mamma
4640.wav,Mamma
4641.wav,Mamma
4642.wav,Mamma
4644.wav,Mamma
4646.wav,Mamma
4647.wav,Mamma
4648.wav,Mamma
4649.wav,Mamma
4650.wav,Mamma
4651.wav,Mamma
4653.wav,Mamma
4655.wav,Mamma
4656.wav,Mamma
4657.wav,Mamma
4658.wav,Mamma
4659.wav,Mamma
4661.wav,Mamma
4663.wav,Mamma
4664.wav,Mamma
4665.wav,Mamma
4667.wav,Mamma
4668.wav,Mamma
4669.wav,Mamma
4670.wav,Mamma
4671.wav,Mamma
4673.wav,Mamma
4674.wav,Mamma
4675.wav,Mamma
4676.wav,Mamma
4679.wav,Mamma
4680.wav,Mamma
4681.wav,Mamma
4682.wav,Mamma
4683.wav,Mamma
4684.wav,Mamma
4685.wav,Mamma
4688.wav,Mamma
4689.wav,Mamma
4690.wav,Mamma
4691.wav,Mamma
4692.wav,Mamma
4693.wav,Mamma
4694.wav,Mamma
4695.wav,Mamma
4698.wav,Mamma
4702.wav,Mamma
4703.wav,Mamma
4704.wav,Mamma
4705.wav,Mamma
4706.wav,Mamma
4707.wav,Mamma
4709.wav,Mamma
4710.wav,Mamma
4712.wav,Mamma
4713.wav,Mamma
4714.wav,Mamma
4716.wav,Mamma
4717.wav,Mamma
4720.wav,Mamma
4723.wav,Mamma
4724.wav,Mamma
4725.wav,Mamma
4726.wav,Mamma
4729.wav,Mamma
4730.wav,Mamma
4732.wav,Mamma
4733.wav,Mamma
4734.wav,Mamma
4735.wav,Mamma
4736.wav,Mamma
4737.wav,Mamma
4738.wav,Mamma
4739.wav,Mamma
4740.wav,Mamma
4742.wav,Mamma
4743.wav,Mamma
4744.wav,Mamma
4745.wav,Mamma
4746.wav,Mamma
4748.wav,Mamma
4749.wav,Mamma
4750.wav,Mamma
4752.wav,Mamma
4753.wav,Mamma
4756.wav,Mamma
4757.wav,Mamma
4758.wav,Mamma
4759.wav,Mamma
4760.wav,Mamma
4761.wav,Mamma
4762.wav,Mamma
4763.wav,Mamma
4766.wav,Mamma
4767.wav,Mamma
4769.wav,Mamma
4770.wav,Mamma
4772.wav,Mamma
4773.wav,Mamma
4774.wav,Mamma
4775.wav,Mamma
4776.wav,Mamma
4777.wav,Mamma
4779.wav,Mamma
4782.wav,Mamma
4783.wav,Mamma
4784.wav,Mamma
4785.wav,Mamma
4788.wav,Mamma
4789.wav,Mamma
4790.wav,Mamma
4792.wav,Mamma
4794.wav,Mamma
4795.wav,Mamma
4796.wav,Mamma
4797.wav,Mamma
4800.wav,Mamma
4801.wav,Mamma
4802.wav,Mamma
4803.wav,Mamma
4804.wav,Mamma
4806.wav,Mamma
4807.wav,Mamma
4808.wav,Mamma
4809.wav,Mamma
4810.wav,Mamma
4811.wav,Mamma
4813.wav,Mamma
4814.wav,Mamma
4815.wav,Mamma
4816.wav,Mamma
4818.wav,Mamma
4820.wav,Mamma
4821.wav,Mamma
4822.wav,Mamma
4823.wav,Mamma
4825.wav,Mamma
4826.wav,Mamma
4827.wav,Mamma
4829.wav,Mamma
4830.wav,Mamma
4831.wav,Mamma
4832.wav,Mamma
4833.wav,Mamma
4834.wav,Mamma
4836.wav,Mamma
4837.wav,Mamma
4838.wav,Mamma
4839.wav,Mamma
4840.wav,Mamma
4841.wav,Mamma
4842.wav,Mamma
4844.wav,Mamma
4845.wav,Mamma
4846.wav,Mamma
4847.wav,Mamma
4848.wav,Mamma
4849.wav,Mamma
4850.wav,Mamma
4851.wav,Mamma
4852.wav,Mamma
4853.wav,Mamma
4854.wav,Mamma
4855.wav,Mamma
4856.wav,Mamma
4858.wav,Mamma
4860.wav,Mamma
4862.wav,Mamma
4863.wav,Mamma
4864.wav,Mamma
4865.wav,Mamma
4866.wav,Mamma
4868.wav,Mamma
4869.wav,Mamma
4871.wav,Mamma
4872.wav,Mamma
4873.wav,Mamma
4875.wav,Mamma
4876.wav,Mamma
4877.wav,Mamma
4878.wav,Mamma
4879.wav,Mamma
4880.wav,Mamma
4881.wav,Mamma
4882.wav,Mamma
4883.wav,Mamma
4884.wav,Mamma
4885.wav,Mamma
4886.wav,Mamma
4887.wav,Mamma
4888.wav,Mamma
4889.wav,Mamma
4890.wav,Mamma
4891.wav,Mamma
4893.wav,Mamma
4894.wav,Mamma
4896.wav,Mamma
4897.wav,Mamma
4898.wav,Mamma
4899.wav,Mamma
4900.wav,Mamma
4902.wav,Mamma
4905.wav,Mamma
4907.wav,Mamma
4908.wav,Mamma
4909.wav,Mamma
4910.wav,Mamma
4911.wav,Mamma
4913.wav,Mamma
4915.wav,Mamma
4917.wav,Mamma
4920.wav,Mamma
4921.wav,Mamma
4922.wav,Mamma
4924.wav,Mamma
4925.wav,Mamma
4926.wav,Mamma
4927.wav,Mamma
4928.wav,Mamma
4930.wav,Mamma
4932.wav,Mamma
4933.wav,Mamma
4934.wav,Mamma
4935.wav,Mamma
4936.wav,Mamma
4937.wav,Mamma
4938.wav,Mamma
4940.wav,Mamma
4941.wav,Mamma
4944.wav,Mamma
4945.wav,Mamma
4946.wav,Mamma
4952.wav,Mamma
4953.wav,Mamma
4954.wav,Mamma
4958.wav,Mamma
4959.wav,Mamma
4960.wav,Mamma
4961.wav,Mamma
4962.wav,Mamma
4963.wav,Mamma
4964.wav,Mamma
4965.wav,Mamma
4966.wav,Mamma
4967.wav,Mamma
4968.wav,Mamma
4969.wav,Mamma
4971.wav,Mamma
4973.wav,Mamma
4976.wav,Mamma
4977.wav,Mamma
4978.wav,Mamma
4980.wav,Mamma
4981.wav,Mamma
4983.wav,Mamma
4985.wav,Mamma
4986.wav,Mamma
4987.wav,Mamma
4988.wav,Mamma
4989.wav,Mamma
4991.wav,Mamma
4995.wav,Showman
4996.wav,Showman
4997.wav,Showman
5000.wav,Showman
5001.wav,Showman
5002.wav,Showman
5003.wav,Showman
5004.wav,Showman
5006.wav,Showman
5008.wav,Showman
5009.wav,Showman
5010.wav,Showman
5011.wav,Showman
5012.wav,Showman
5013.wav,Showman
5015.wav,Showman
5016.wav,Showman
5017.wav,Showman
5018.wav,Showman
5019.wav,Showman
5020.wav,Showman
5021.wav,Showman
5022.wav,Showman
5026.wav,Showman
5027.wav,Showman
5029.wav,Showman
5035.wav,Showman
5036.wav,Showman
5038.wav,Showman
5039.wav,Showman
5040.wav,Showman
5042.wav,Showman
5044.wav,Showman
5046.wav,Showman
5047.wav,Showman
5048.wav,Showman
5049.wav,Showman
5050.wav,Showman
5051.wav,Showman
5053.wav,Showman
5054.wav,Showman
5055.wav,Showman
5058.wav,Showman
5059.wav,Showman
5060.wav,Showman
5061.wav,Showman
5062.wav,Showman
5063.wav,Showman
5064.wav,Showman
5065.wav,Showman
5066.wav,Showman
5067.wav,Showman
5068.wav,Showman
5070.wav,Showman
5073.wav,Showman
5074.wav,Showman
5076.wav,Showman
5077.wav,Showman
5078.wav,Showman
5079.wav,Showman
5080.wav,Showman
5081.wav,Showman
5082.wav,Showman
5083.wav,Showman
5084.wav,Showman
5086.wav,Showman
5087.wav,Showman
5088.wav,Showman
5089.wav,Showman
5090.wav,Showman
5091.wav,Showman
5093.wav,Showman
5094.wav,Showman
5097.wav,Showman
5098.wav,Showman
5100.wav,Showman
5102.wav,Showman
5103.wav,Showman
5104.wav,Showman
5105.wav,Showman
5106.wav,Showman
5107.wav,Showman
5108.wav,Showman
5109.wav,Showman
5111.wav,Showman
5114.wav,Showman
5120.wav,Showman
5121.wav,Showman
5124.wav,Showman
5126.wav,Showman
5128.wav,Showman
5130.wav,Showman
5131.wav,Showman
5132.wav,Showman
5133.wav,Showman
5135.wav,Showman
5136.wav,Showman
5138.wav,Showman
5140.wav,Showman
5141.wav,Showman
5142.wav,Showman
5143.wav,Showman
5144.wav,Showman
5145.wav,Showman
5146.wav,Showman
5147.wav,Showman
5148.wav,Showman
5149.wav,Showman
5150.wav,Showman
5151.wav,Showman
5152.wav,Showman
5154.wav,Showman
5155.wav,Showman
5156.wav,Showman
5157.wav,Showman
5158.wav,Showman
5159.wav,Showman
5160.wav,Showman
5161.wav,Showman
5162.wav,Showman
5163.wav,Showman
5164.wav,Showman
5166.wav,Showman
5167.wav,Showman
5168.wav,Showman
5171.wav,Showman
5172.wav,Showman
5173.wav,Showman
5174.wav,Showman
5175.wav,Showman
5176.wav,Showman
5177.wav,Showman
5178.wav,Showman
5179.wav,Showman
5182.wav,Showman
5184.wav,Showman
5186.wav,Showman
5188.wav,Showman
5189.wav,Showman
5191.wav,Showman
5192.wav,Showman
5195.wav,Showman
5198.wav,Showman
5199.wav,Showman
5200.wav,Showman
5201.wav,Showman
5203.wav,Showman
5204.wav,Showman
5205.wav,Showman
5207.wav,Showman
5208.wav,Showman
5209.wav,Showman
5210.wav,Showman
5212.wav,Showman
5213.wav,Showman
5214.wav,Showman
5215.wav,Showman
5216.wav,Showman
5218.wav,Showman
5221.wav,Showman
5222.wav,Showman
5223.wav,Showman
5224.wav,Showman
5226.wav,Showman
5228.wav,Showman
5229.wav,Showman
5230.wav,Showman
5231.wav,Showman
5232.wav,Showman
5233.wav,Showman
5237.wav,Showman
5238.wav,Showman
5239.wav,Showman
5243.wav,Showman
5244.wav,Showman
5245.wav,Showman
5247.wav,Showman
5248.wav,Showman
5251.wav,Showman
5252.wav,Showman
5253.wav,Showman
5255.wav,Showman
5256.wav,Showman
5257.wav,Showman
5258.wav,Showman
5259.wav,Showman
5260.wav,Showman
5262.wav,Showman
5263.wav,Showman
5264.wav,Showman
5265.wav,Showman
5270.wav,Showman
5271.wav,Showman
5272.wav,Showman
5274.wav,Showman
5276.wav,Showman
5277.wav,Showman
5280.wav,Showman
5281.wav,Showman
5282.wav,Showman
5283.wav,Showman
5284.wav,Showman
5285.wav,Showman
5286.wav,Showman
5287.wav,Showman
5288.wav,Showman
5289.wav,Showman
5290.wav,Showman
5291.wav,Showman
5292.wav,Showman
5293.wav,Showman
5294.wav,Showman
5295.wav,Showman
5296.wav,Showman
5297.wav,Showman
5298.wav,Showman
5299.wav,Showman
5300.wav,Showman
5301.wav,Showman
5303.wav,Showman
5304.wav,Showman
5306.wav,Showman
5309.wav,Showman
5311.wav,Showman
5312.wav,Showman
5313.wav,Showman
5314.wav,Showman
5316.wav,Showman
5317.wav,Showman
5318.wav,Showman
5320.wav,Showman
5321.wav,Showman
5322.wav,Showman
5323.wav,Showman
5324.wav,Showman
5325.wav,Showman
5326.wav,Showman
5327.wav,Showman
5329.wav,Showman
5330.wav,Showman
5331.wav,Showman
5332.wav,Showman
5333.wav,Showman
5334.wav,Showman
5335.wav,Showman
5336.wav,Showman
5337.wav,Showman
5339.wav,Showman
5340.wav,Showman
5341.wav,Showman
5342.wav,Showman
5344.wav,Showman
5346.wav,Showman
5348.wav,Showman
5349.wav,Showman
5352.wav,Showman
5353.wav,Showman
5354.wav,Showman
5355.wav,Showman
5357.wav,Showman
5358.wav,Showman
5361.wav,Showman
5363.wav,Showman
5364.wav,Showman
5365.wav,Showman
5367.wav,Showman
5368.wav,Showman
5369.wav,Showman
5370.wav,Showman
5371.wav,Showman
5372.wav,Showman
5373.wav,Showman
5375.wav,Showman
5377.wav,Showman
5378.wav,Showman
5379.wav,Showman
5381.wav,Showman
5382.wav,Showman
5384.wav,Showman
5386.wav,Showman
5387.wav,Showman
5388.wav,Showman
5389.wav,Showman
5391.wav,Showman
5392.wav,Showman
5393.wav,Showman
5395.wav,Showman
5396.wav,Showman
5397.wav,Showman
5398.wav,Showman
5400.wav,Showman
5401.wav,Showman
5402.wav,Showman
5403.wav,Showman
5404.wav,Showman
5405.wav,Showman
5406.wav,Showman
5409.wav,Showman
5411.wav,Showman
5412.wav,Showman
5415.wav,Showman
5416.wav,Showman
5419.wav,Showman
5421.wav,Showman
5424.wav,Showman
5425.wav,Showman
5426.wav,Showman
5427.wav,Showman
5430.wav,Showman
5431.wav,Showman
5432.wav,Showman
5433.wav,Showman
5436.wav,Showman
5437.wav,Showman
5439.wav,Showman
5440.wav,Showman
5442.wav,Showman
5443.wav,Showman
5444.wav,Showman
5446.wav,Showman
5447.wav,Showman
5448.wav,Showman
5449.wav,Showman
5450.wav,Showman
5452.wav,Showman
5453.wav,Showman
5454.wav,Showman
5457.wav,Showman
5458.wav,Showman
5462.wav,Showman
5464.wav,Showman
5465.wav,Showman
5466.wav,Showman
5467.wav,Showman
5468.wav,Showman
5472.wav,Showman
5473.wav,Showman
5474.wav,Showman
5475.wav,Showman
5476.wav,Showman
5478.wav,Showman
5479.wav,Showman
5481.wav,Showman
5482.wav,Showman
5483.wav,Showman
5484.wav,Showman
5485.wav,Showman
5487.wav,Showman
5489.wav,Showman
5490.wav,Showman
5494.wav,Showman
5495.wav,Showman
5497.wav,Showman
5498.wav,Showman
5499.wav,Showman
5501.wav,Showman
5502.wav,Showman
5503.wav,Showman
5504.wav,Showman
5505.wav,Showman
5506.wav,Showman
5507.wav,Showman
5508.wav,Showman
5509.wav,Showman
5510.wav,Showman
5512.wav,Showman
5513.wav,Showman
5514.wav,Showman
5515.wav,Showman
5518.wav,Showman
5519.wav,Showman
5520.wav,Showman
5522.wav,Showman
5523.wav,Showman
5525.wav,Showman
5526.wav,Showman
5527.wav,Showman
5528.wav,Showman
5530.wav,Showman
5531.wav,Showman
5532.wav,Showman
5533.wav,Showman
5534.wav,Showman
5535.wav,Showman
5538.wav,Showman
5539.wav,Showman
5540.wav,Showman
5543.wav,Showman
5544.wav,Showman
5545.wav,Showman
5548.wav,Showman
5551.wav,Showman
5552.wav,Showman
5554.wav,Showman
5555.wav,Showman
5556.wav,Showman
5557.wav,Showman
5558.wav,Showman
5559.wav,Showman
5560.wav,Showman
5561.wav,Showman
5563.wav,Showman
5564.wav,Showman
5566.wav,Showman
5567.wav,Showman
5569.wav,Showman
5570.wav,Showman
5571.wav,Showman
5572.wav,Showman
5573.wav,Showman
5575.wav,Showman
5576.wav,Showman
5577.wav,Showman
5578.wav,Showman
5579.wav,Showman
5580.wav,Showman
5581.wav,Showman
5582.wav,Showman
5583.wav,Showman
5584.wav,Showman
5586.wav,Showman
5587.wav,Showman
5588.wav,Showman
5589.wav,Showman
5590.wav,Showman
5591.wav,Showman
5592.wav,Showman
5593.wav,Showman
5594.wav,Showman
5595.wav,Showman
5596.wav,Showman
5597.wav,Showman
5598.wav,Showman
5599.wav,Showman
5600.wav,Showman
5601.wav,Showman
5602.wav,Showman
5603.wav,Showman
5604.wav,Showman
5605.wav,Showman
5606.wav,Showman
5607.wav,Showman
5608.wav,Showman
5609.wav,Showman
5612.wav,Showman
5614.wav,Showman
5615.wav,Showman
5616.wav,Showman
5618.wav,Showman
5619.wav,Showman
5620.wav,Showman
5621.wav,Showman
5622.wav,Showman
5624.wav,Showman
5625.wav,Showman
5626.wav,Showman
5628.wav,Showman
5630.wav,Showman
5631.wav,Showman
5632.wav,Showman
5633.wav,Showman
5636.wav,Showman
5637.wav,Showman
5638.wav,Showman
5640.wav,Showman
5641.wav,Showman
5642.wav,Showman
5643.wav,Showman
5645.wav,Showman
5646.wav,Showman
5647.wav,Showman
5648.wav,Showman
5649.wav,Showman
5652.wav,Showman
5653.wav,Showman
5654.wav,Showman
5655.wav,Showman
5656.wav,Showman
5658.wav,Showman
5660.wav,Showman
5661.wav,Showman
5662.wav,Showman
5663.wav,Showman
5664.wav,Showman
5665.wav,Showman
5667.wav,Showman
5669.wav,Showman
5670.wav,Showman
5671.wav,Showman
5672.wav,Showman
5675.wav,Showman
5676.wav,Showman
5678.wav,Showman
5679.wav,Showman
5680.wav,Showman
5681.wav,Showman
5682.wav,Showman
5683.wav,Showman
5684.wav,Showman
5686.wav,Showman
5688.wav,Showman
5689.wav,Showman
5690.wav,Showman
5691.wav,Showman
5692.wav,Showman
5693.wav,Showman
5694.wav,Showman
5695.wav,Showman
5697.wav,Showman
5698.wav,Showman
5700.wav,Showman
5701.wav,Showman
5702.wav,Showman
5703.wav,Showman
5704.wav,Showman
5705.wav,Showman
5706.wav,Showman
5708.wav,Showman
5709.wav,Showman
5710.wav,Showman
5711.wav,Showman
5712.wav,Showman
5713.wav,Showman
5715.wav,Showman
5716.wav,Showman
5717.wav,Showman
5718.wav,Showman
5719.wav,Showman
5720.wav,Showman
5721.wav,Showman
5724.wav,Showman
5725.wav,Showman
5726.wav,Showman
5727.wav,Showman
5730.wav,Showman
5731.wav,Showman
5732.wav,Showman
5733.wav,Showman
5735.wav,Showman
5736.wav,Showman
5738.wav,Showman
5740.wav,Showman
5741.wav,Showman
5742.wav,Showman
5743.wav,Showman
5744.wav,Showman
5745.wav,Showman
5746.wav,Showman
5748.wav,Showman
5749.wav,Showman
5750.wav,Showman
5752.wav,Showman
5756.wav,Showman
5757.wav,Showman
5758.wav,Showman
5759.wav,Showman
5761.wav,Showman
5762.wav,Showman
5763.wav,Showman
5765.wav,Showman
5767.wav,Showman
5769.wav,Showman
5770.wav,Showman
5771.wav,Showman
5772.wav,Showman
5774.wav,Showman
5775.wav,Showman
5776.wav,Showman
5777.wav,Showman
5778.wav,Showman
5779.wav,Showman
5780.wav,Showman
5781.wav,Showman
5782.wav,Showman
5783.wav,Showman
5784.wav,Showman
5785.wav,Showman
5786.wav,Showman
5787.wav,Showman
5788.wav,Showman
5789.wav,Showman
5791.wav,Showman
5792.wav,Showman
5793.wav,Showman
5794.wav,Showman
5795.wav,Showman
5796.wav,Showman
5797.wav,Showman
5798.wav,Frozen
5801.wav,Frozen
5804.wav,Frozen
5806.wav,Frozen
5807.wav,Frozen
5808.wav,Frozen
5809.wav,Frozen
5810.wav,Frozen
5811.wav,Frozen
5813.wav,Frozen
5814.wav,Frozen
5818.wav,Frozen
5819.wav,Frozen
5820.wav,Frozen
5821.wav,Frozen
5822.wav,Frozen
5824.wav,Frozen
5826.wav,Frozen
5827.wav,Frozen
5828.wav,Frozen
5829.wav,Frozen
5830.wav,Frozen
5832.wav,Frozen
5833.wav,Frozen
5835.wav,Frozen
5836.wav,Frozen
5838.wav,Frozen
5842.wav,Frozen
5843.wav,Frozen
5844.wav,Frozen
5846.wav,Frozen
5847.wav,Frozen
5848.wav,Frozen
5849.wav,Frozen
5850.wav,Frozen
5851.wav,Frozen
5852.wav,Frozen
5853.wav,Frozen
5854.wav,Frozen
5855.wav,Frozen
5857.wav,Frozen
5858.wav,Frozen
5859.wav,Frozen
5861.wav,Frozen
5863.wav,Frozen
5866.wav,Frozen
5869.wav,Frozen
5870.wav,Frozen
5871.wav,Frozen
5873.wav,Frozen
5877.wav,Frozen
5883.wav,Frozen
5884.wav,Frozen
5886.wav,Frozen
5887.wav,Frozen
5889.wav,Frozen
5891.wav,Frozen
5892.wav,Frozen
5894.wav,Frozen
5895.wav,Frozen
5896.wav,Frozen
5897.wav,Frozen
5898.wav,Frozen
5899.wav,Frozen
5901.wav,Frozen
5902.wav,Frozen
5903.wav,Frozen
5904.wav,Frozen
5906.wav,Frozen
5907.wav,Frozen
5908.wav,Frozen
5909.wav,Frozen
5911.wav,Frozen
5912.wav,Frozen
5914.wav,Frozen
5916.wav,Frozen
5917.wav,Frozen
5919.wav,Frozen
5920.wav,Frozen
5922.wav,Frozen
5923.wav,Frozen
5924.wav,Frozen
5925.wav,Frozen
5927.wav,Frozen
5928.wav,Frozen
5929.wav,Frozen
5930.wav,Frozen
5931.wav,Frozen
5933.wav,Frozen
5935.wav,Frozen
5936.wav,Frozen
5937.wav,Frozen
5938.wav,Frozen
5939.wav,Frozen
5940.wav,Frozen
5941.wav,Frozen
5943.wav,Frozen
5944.wav,Frozen
5945.wav,Frozen
5947.wav,Frozen
5948.wav,Frozen
5950.wav,Frozen
5951.wav,Frozen
5952.wav,Frozen
5953.wav,Frozen
5958.wav,Frozen
5963.wav,Frozen
5964.wav,Frozen
5965.wav,Frozen
5966.wav,Frozen
5967.wav,Frozen
5968.wav,Frozen
5969.wav,Frozen
5970.wav,Frozen
5971.wav,Frozen
5972.wav,Frozen
5973.wav,Frozen
5974.wav,Frozen
5975.wav,Frozen
5977.wav,Frozen
5978.wav,Frozen
5979.wav,Frozen
5980.wav,Frozen
5981.wav,Frozen
5982.wav,Frozen
5983.wav,Frozen
5985.wav,Frozen
5986.wav,Frozen
5988.wav,Frozen
5989.wav,Frozen
5990.wav,Frozen
5992.wav,Frozen
5993.wav,Frozen
5994.wav,Frozen
5996.wav,Frozen
5997.wav,Frozen
5998.wav,Frozen
6000.wav,Frozen
6003.wav,Frozen
6004.wav,Frozen
6005.wav,Frozen
6006.wav,Frozen
6007.wav,Frozen
6008.wav,Frozen
6009.wav,Frozen
6010.wav,Frozen
6011.wav,Frozen
6013.wav,Frozen
6014.wav,Frozen
6019.wav,Frozen
6020.wav,Frozen
6021.wav,Frozen
6022.wav,Frozen
6023.wav,Frozen
6024.wav,Frozen
6025.wav,Frozen
6026.wav,Frozen
6030.wav,Frozen
6031.wav,Frozen
6032.wav,Frozen
6033.wav,Frozen
6036.wav,Frozen
6037.wav,Frozen
6038.wav,Frozen
6040.wav,Frozen
6042.wav,Frozen
6044.wav,Frozen
6045.wav,Frozen
6046.wav,Frozen
6048.wav,Frozen
6049.wav,Frozen
6050.wav,Frozen
6051.wav,Frozen
6053.wav,Frozen
6054.wav,Frozen
6055.wav,Frozen
6056.wav,Frozen
6057.wav,Frozen
6058.wav,Frozen
6059.wav,Frozen
6060.wav,Frozen
6061.wav,Frozen
6065.wav,Frozen
6066.wav,Frozen
6068.wav,Frozen
6069.wav,Frozen
6070.wav,Frozen
6071.wav,Frozen
6072.wav,Frozen
6075.wav,Frozen
6077.wav,Frozen
6078.wav,Frozen
6079.wav,Frozen
6080.wav,Frozen
6081.wav,Frozen
6082.wav,Frozen
6083.wav,Frozen
6084.wav,Frozen
6085.wav,Frozen
6086.wav,Frozen
6087.wav,Frozen
6089.wav,Frozen
6090.wav,Frozen
6091.wav,Frozen
6092.wav,Frozen
6094.wav,Frozen
6095.wav,Frozen
6096.wav,Frozen
6099.wav,Frozen
6105.wav,Frozen
6106.wav,Frozen
6107.wav,Frozen
6108.wav,Frozen
6109.wav,Frozen
6110.wav,Frozen
6111.wav,Frozen
6112.wav,Frozen
6113.wav,Frozen
6114.wav,Frozen
6116.wav,Frozen
6117.wav,Frozen
6118.wav,Frozen
6119.wav,Frozen
6120.wav,Frozen
6123.wav,Frozen
6125.wav,Frozen
6126.wav,Frozen
6127.wav,Frozen
6129.wav,Frozen
6130.wav,Frozen
6131.wav,Frozen
6132.wav,Frozen
6134.wav,Frozen
6135.wav,Frozen
6136.wav,Frozen
6137.wav,Frozen
6138.wav,Frozen
6139.wav,Frozen
6140.wav,Frozen
6141.wav,Frozen
6144.wav,Frozen
6145.wav,Frozen
6146.wav,Frozen
6147.wav,Frozen
6148.wav,Frozen
6150.wav,Frozen
6151.wav,Frozen
6152.wav,Frozen
6153.wav,Frozen
6154.wav,Frozen
6155.wav,Frozen
6156.wav,Frozen
6157.wav,Frozen
6158.wav,Frozen
6160.wav,Frozen
6164.wav,Frozen
6165.wav,Frozen
6166.wav,Frozen
6167.wav,Frozen
6168.wav,Frozen
6170.wav,Frozen
6171.wav,Frozen
6172.wav,Frozen
6173.wav,Frozen
6175.wav,Frozen
6176.wav,Frozen
6177.wav,Frozen
6178.wav,Frozen
6180.wav,Frozen
6181.wav,Frozen
6182.wav,Frozen
6184.wav,Frozen
6185.wav,Frozen
6186.wav,Frozen
6187.wav,Frozen
6190.wav,Frozen
6192.wav,Frozen
6194.wav,Frozen
6196.wav,Frozen
6197.wav,Frozen
6198.wav,Frozen
6200.wav,Frozen
6201.wav,Frozen
6202.wav,Frozen
6204.wav,Frozen
6206.wav,Frozen
6207.wav,Frozen
6209.wav,Frozen
6210.wav,Frozen
6211.wav,Frozen
6213.wav,Frozen
6214.wav,Frozen
6215.wav,Frozen
6217.wav,Frozen
6218.wav,Frozen
6219.wav,Frozen
6220.wav,Frozen
6222.wav,Frozen
6223.wav,Frozen
6224.wav,Frozen
6225.wav,Frozen
6226.wav,Frozen
6227.wav,Frozen
6228.wav,Frozen
6230.wav,Frozen
6231.wav,Frozen
6232.wav,Frozen
6233.wav,Frozen
6236.wav,Frozen
6237.wav,Frozen
6239.wav,Frozen
6240.wav,Frozen
6243.wav,Frozen
6244.wav,Frozen
6245.wav,Frozen
6246.wav,Frozen
6248.wav,Frozen
6251.wav,Frozen
6253.wav,Frozen
6254.wav,Frozen
6255.wav,Frozen
6256.wav,Frozen
6257.wav,Frozen
6260.wav,Frozen
6261.wav,Frozen
6262.wav,Frozen
6263.wav,Frozen
6265.wav,Frozen
6266.wav,Frozen
6267.wav,Frozen
6268.wav,Frozen
6269.wav,Frozen
6271.wav,Frozen
6272.wav,Frozen
6273.wav,Frozen
6274.wav,Frozen
6277.wav,Frozen
6279.wav,Frozen
6280.wav,Frozen
6282.wav,Frozen
6286.wav,Frozen
6290.wav,Frozen
6291.wav,Frozen
6293.wav,Frozen
6294.wav,Frozen
6295.wav,Frozen
6296.wav,Frozen
6299.wav,Frozen
6302.wav,Frozen
6303.wav,Frozen
6304.wav,Frozen
6305.wav,Frozen
6306.wav,Frozen
6308.wav,Frozen
6309.wav,Frozen
6310.wav,Frozen
6313.wav,Frozen
6314.wav,Frozen
6315.wav,Frozen
6317.wav,Frozen
6318.wav,Frozen
6319.wav,Frozen
6320.wav,Frozen
6321.wav,Frozen
6322.wav,Frozen
6323.wav,Frozen
6325.wav,Frozen
6327.wav,Frozen
6328.wav,Frozen
6329.wav,Frozen
6332.wav,Frozen
6333.wav,Frozen
6336.wav,Frozen
6337.wav,Frozen
6338.wav,Frozen
6340.wav,Frozen
6342.wav,Frozen
6343.wav,Frozen
6344.wav,Frozen
6345.wav,Frozen
6346.wav,Frozen
6347.wav,Frozen
6348.wav,Frozen
6349.wav,Frozen
6350.wav,Frozen
6351.wav,Frozen
6352.wav,Frozen
6353.wav,Frozen
6354.wav,Frozen
6355.wav,Frozen
6356.wav,Frozen
6359.wav,Frozen
6360.wav,Frozen
6361.wav,Frozen
6362.wav,Frozen
6363.wav,Frozen
6364.wav,Frozen
6365.wav,Frozen
6366.wav,Frozen
6367.wav,Frozen
6369.wav,Frozen
6371.wav,Frozen
6372.wav,Frozen
6373.wav,Frozen
6375.wav,Frozen
6376.wav,Frozen
6377.wav,Frozen
6378.wav,Frozen
6379.wav,Frozen
6380.wav,Frozen
6381.wav,Frozen
6382.wav,Frozen
6383.wav,Frozen
6384.wav,Frozen
6385.wav,Frozen
6387.wav,Frozen
6389.wav,Frozen
6390.wav,Frozen
6391.wav,Frozen
6392.wav,Frozen
6393.wav,Frozen
6395.wav,Frozen
6396.wav,Frozen
6397.wav,Frozen
6398.wav,Frozen
6399.wav,Frozen
6400.wav,Frozen
6401.wav,Frozen
6402.wav,Frozen
6403.wav,Frozen
6404.wav,Frozen
6405.wav,Frozen
6406.wav,Frozen
6407.wav,Frozen
6408.wav,Frozen
6409.wav,Frozen
6410.wav,Frozen
6411.wav,Frozen
6412.wav,Frozen
6413.wav,Frozen
6415.wav,Frozen
6416.wav,Frozen
6417.wav,Frozen
6418.wav,Frozen
6419.wav,Frozen
6420.wav,Frozen
6421.wav,Frozen
6422.wav,Frozen
6423.wav,Frozen
6425.wav,Frozen
6427.wav,Frozen
6428.wav,Frozen
6431.wav,Frozen
6432.wav,Frozen
6434.wav,Frozen
6435.wav,Frozen
6436.wav,Frozen
6437.wav,Frozen
6438.wav,Frozen
6439.wav,Frozen
6440.wav,Frozen
6441.wav,Frozen
6442.wav,Frozen
6443.wav,Frozen
6445.wav,Frozen
6446.wav,Frozen
6447.wav,Frozen
6449.wav,Frozen
6450.wav,Frozen
6451.wav,Frozen
6452.wav,Frozen
6453.wav,Frozen
6454.wav,Frozen
6455.wav,Frozen
6456.wav,Frozen
6458.wav,Frozen
6459.wav,Frozen
6462.wav,Frozen
6463.wav,Frozen
6465.wav,Frozen
6466.wav,Frozen
6467.wav,Frozen
6468.wav,Frozen
6469.wav,Frozen
6470.wav,Frozen
6471.wav,Frozen
6472.wav,Frozen
6473.wav,Frozen
6475.wav,Frozen
6476.wav,Frozen
6477.wav,Frozen
6478.wav,Frozen
6480.wav,Frozen
6481.wav,Frozen
6482.wav,Frozen
6487.wav,Frozen
6489.wav,Frozen
6490.wav,Frozen
6493.wav,Frozen
6494.wav,Frozen
6495.wav,Frozen
6497.wav,Frozen
6498.wav,Frozen
6499.wav,Frozen
6500.wav,Frozen
6501.wav,Frozen
6502.wav,Frozen
6503.wav,Frozen
6505.wav,Frozen
6506.wav,Frozen
6507.wav,Frozen
6508.wav,Frozen
6509.wav,Frozen
6510.wav,Frozen
6511.wav,Frozen
6512.wav,Frozen
6514.wav,Frozen
6515.wav,Frozen
6517.wav,Frozen
6519.wav,Frozen
6521.wav,Frozen
6522.wav,Frozen
6524.wav,Frozen
6525.wav,Frozen
6526.wav,Frozen
6528.wav,Frozen
6530.wav,Frozen
6531.wav,Frozen
6532.wav,Frozen
6534.wav,Frozen
6535.wav,Frozen
6536.wav,Frozen
6537.wav,Frozen
6539.wav,Frozen
6540.wav,Frozen
6541.wav,Frozen
6542.wav,Frozen
6543.wav,Frozen
6544.wav,Frozen
6545.wav,Frozen
6546.wav,Frozen
6547.wav,Frozen
6550.wav,Frozen
6551.wav,Frozen
6552.wav,Frozen
6554.wav,Frozen
6555.wav,Frozen
6556.wav,Frozen
6557.wav,Frozen
6558.wav,Frozen
6561.wav,Frozen
6564.wav,Frozen
6565.wav,Frozen
6566.wav,Frozen
6568.wav,Frozen
6569.wav,Frozen
6570.wav,Frozen
6572.wav,Frozen
6573.wav,Frozen
6574.wav,Frozen
6575.wav,Frozen
6576.wav,Frozen
6578.wav,Frozen
6579.wav,Frozen
6580.wav,Frozen
6581.wav,Frozen
6583.wav,Frozen
6584.wav,Frozen
6586.wav,Frozen
6587.wav,Frozen
6588.wav,Frozen
6589.wav,Frozen
6590.wav,Frozen
6592.wav,Frozen
6595.wav,Frozen
6596.wav,Frozen
6597.wav,Frozen
6598.wav,Frozen
6599.wav,Frozen
6600.wav,Frozen
6601.wav,Frozen
6602.wav,Frozen
6603.wav,Frozen
6604.wav,Frozen
6606.wav,Frozen
6607.wav,Frozen
6608.wav,Frozen
6609.wav,Frozen
